﻿<CustomObject Id="10045" Name="MessageLog" CoLabel="MessageLog" Description="" DesignerData="" IsAgentVisible="True" IsAnalyticsVisible="True" IsSubclass="False" IsMenu="False" IsMenuOnlyClass="False" HasLabels="False" HasDescription="False" HasNotes="False" HasFileAttachment="False" IsLogTransactionsEnabled="True" HasUserTransactions="False" HasSequence="False" AllowsSPMSuppression="False"><Package Name="Accelerator" Id="17" /><InterfaceLabels><InterfaceLabel Language="en_US" Label="MessageLog" Description="" /></InterfaceLabels><Keys><Key Id="10108" KeyType="1"><Fields><Field Id="10301" /></Fields></Key><Key Id="10109" KeyType="3"><Fields><Field Id="10303" /></Fields></Key><Key Id="10110" KeyType="3"><Fields><Field Id="10305" /></Fields></Key></Keys><Fields><Field Id="10301" Label="ID" Description="System Field" Name="ID" DataTypeName="Integer" DataType="1" IsNullable="False" IsList="False" IsLookup="True" IsCoReadOnly="False" IsAutoUpdate="False" IsSequence="False" IsSystemField="True" /><Field Id="10302" Label="Date Created" Description="System Field" Name="CreatedTime" DataTypeName="Date Time" DataType="5" IsNullable="True" IsList="False" IsLookup="False" IsCoReadOnly="True" IsAutoUpdate="False" IsSequence="False" IsSystemField="True" ServerDefaultValue="curTime" /><Field Id="10303" Label="c_id" Name="Contact" DataTypeName="Integer" DataType="1" IsNullable="True" IsList="False" IsLookup="False" IsCoReadOnly="False" IsAutoUpdate="False" IsSequence="False" IsSystemField="False" /><Field Id="10304" Label="Message" Name="Message" DataTypeName="Text" DataType="2" IsNullable="False" IsList="False" IsLookup="False" IsCoReadOnly="False" IsAutoUpdate="False" IsSequence="False" IsSystemField="False" MaxLength="" Pattern="" Usage="LongText" /><Field Id="10305" Label="Incident" Name="Incident" DataTypeName="Integer" DataType="1" IsNullable="True" IsList="False" IsLookup="False" IsCoReadOnly="False" IsAutoUpdate="False" IsSequence="False" IsSystemField="False" /><Field Id="10306" Label="Direction" Name="Direction" DataTypeName="Text" DataType="2" IsNullable="True" IsList="False" IsLookup="False" IsCoReadOnly="False" IsAutoUpdate="False" IsSequence="False" IsSystemField="False" MaxLength="10" Pattern="" Usage="PlainText" /><Field Id="10307" Label="Phone" Name="Phone" DataTypeName="Text" DataType="2" IsNullable="True" IsList="False" IsLookup="False" IsCoReadOnly="False" IsAutoUpdate="False" IsSequence="False" IsSystemField="False" MaxLength="15" Pattern="" Usage="PlainText" /></Fields><Notes /></CustomObject><!--RtFCLqAgOU0K7agYgi9QdvR4XqrgOiLL/rM=-->