﻿<CustomObject Id="24" Name="Account" CoLabel="Account" Description="Account" DesignerData="" IsAgentVisible="True" IsAnalyticsVisible="True" IsSubclass="False" IsMenu="False" IsMenuOnlyClass="False" HasLabels="False" HasDescription="False" HasNotes="False" HasFileAttachment="False" IsLogTransactionsEnabled="False" HasUserTransactions="False" HasSequence="False" AllowsSPMSuppression="False"><Package Name="OracleServiceCloud" Id="1" /><InterfaceLabels><InterfaceLabel Language="en_US" Label="Account" Description="Account" /></InterfaceLabels><Keys /><Fields><Field Id="10296" Label="bui_cti_access" Name="bui_cti_access" DataTypeName="Yes/No" DataType="3" IsNullable="True" IsList="False" IsLookup="False" IsCoReadOnly="False" IsAutoUpdate="False" IsSequence="False" IsSystemField="False" PackageId="17" PackageName="Accelerator" ServerDefaultValue="0" /></Fields><Notes /></CustomObject><!--Crn/+OqrmvWZ4qOyJ8Lv7tVQUGwQNlry-->