﻿<CustomObject Id="10046" Name="ChatOfferState" CoLabel="ChatOfferState" Description="" DesignerData="" IsAgentVisible="True" IsAnalyticsVisible="True" IsSubclass="False" IsMenu="False" IsMenuOnlyClass="False" HasLabels="False" HasDescription="False" HasNotes="False" HasFileAttachment="False" IsLogTransactionsEnabled="True" HasUserTransactions="False" HasSequence="False" AllowsSPMSuppression="False"><Package Name="Accelerator" Id="17" /><InterfaceLabels><InterfaceLabel Language="en_US" Label="ChatOfferState" Description="" /></InterfaceLabels><Keys><Key Id="10111" KeyType="1"><Fields><Field Id="10308" /></Fields></Key></Keys><Fields><Field Id="10308" Label="ID" Description="System Field" Name="ID" DataTypeName="Integer" DataType="1" IsNullable="False" IsList="False" IsLookup="True" IsCoReadOnly="False" IsAutoUpdate="False" IsSequence="False" IsSystemField="True" /><Field Id="10309" Label="Date Created" Description="System Field" Name="CreatedTime" DataTypeName="Date Time" DataType="5" IsNullable="True" IsList="False" IsLookup="False" IsCoReadOnly="True" IsAutoUpdate="False" IsSequence="False" IsSystemField="True" ServerDefaultValue="curTime" /><Field Id="10310" Label="Phone" Name="Phone" DataTypeName="Text" DataType="2" IsNullable="False" IsList="False" IsLookup="False" IsCoReadOnly="False" IsAutoUpdate="False" IsSequence="False" IsSystemField="False" MaxLength="15" Pattern="" Usage="PlainText" /><Field Id="10311" Label="CallSid" Name="CallSid" DataTypeName="Text" DataType="2" IsNullable="False" IsList="False" IsLookup="False" IsCoReadOnly="False" IsAutoUpdate="False" IsSequence="False" IsSystemField="False" MaxLength="50" Pattern="" Usage="PlainText" /></Fields><Notes /></CustomObject><!--tGJhKLOiqRDTTY9WNu4Yr4upsRL0T5jatos=-->