<Workspace xmlns:dbaudit="http://www.rightnow.com/schemas/dbaudit" ServerVersion="Oracle Service Cloud February 2017 SP1 (Build 258 - 03/23/2017 16:41)&#xD;&#xA; CE Version: rnw-release-17-2-0-1-sp1 PL: " ClientVersion="17.2.0.258" Type="Accelerator$MessageLogMultiEdit" UIType="Custom" IsMultiEdit="True" ClassId="10049" SpellCheckOnSave="False" SpellCheckAllowCancel="False" BrowserCompatibilityMode="False"><RecordTypes><RecordType Id="10049" Name="Accelerator$MessageLog" /></RecordTypes><Ribbon><RibbonTab TextLabelName="HOME_LBL"><RibbonGroup TextLabelName="SAVE_CMD"><RibbonButtonItem ItemId="SaveAndClose" /></RibbonGroup><RibbonGroup TextLabelName="PROOFING_LBL"><RibbonButtonItem ItemId="SpellCheck" /></RibbonGroup><RibbonGroup TextLabelName="LINKS_LBL"><RibbonButtonItem ItemId="EditorLinks"><Links><LinkItem Title="Oracle Service Cloud" Url="http://cloud.oracle.com/service" /></Links></RibbonButtonItem></RibbonGroup></RibbonTab></Ribbon><QuickAccessToolbar><QuickAccessToolbarItem ItemId="SaveAndClose" /></QuickAccessToolbar><Table ColumnCount="0" RowCount="1" ForeColor="Black" BackColor="Transparent"><Field Row="0" Column="0" ObjectId="Accelerator$MessageLog" FieldId="Incident" TabIndex="0" ReportId="8002" /></Table></Workspace>
<!--te6T4nq/hsiAwXF97AQmtOBr46inCbeCrTY=-->
