<Workspace xmlns:dbaudit="http://www.rightnow.com/schemas/dbaudit" ServerVersion="Oracle Service Cloud February 2017 SP1 (Build 258 - 03/23/2017 16:41)&#xD;&#xA; CE Version: rnw-release-17-2-0-1-sp1 PL: " ClientVersion="17.2.0.258" Type="Accelerator$MessageLog" UIType="Custom" IsMultiEdit="False" ClassId="10049" SpellCheckOnSave="False" SpellCheckAllowCancel="False" BrowserCompatibilityMode="False"><RecordTypes><RecordType Id="10049" Name="Accelerator$MessageLog" /><RecordType Id="6" Name="Contact" /><RecordType Id="1" Name="Incident" /></RecordTypes><Ribbon><RibbonTab TextLabelName="HOME_LBL"><RibbonGroup TextLabelName="SAVE_CMD"><RibbonButtonItem ItemId="Save" /><RibbonButtonItem ItemId="SaveAndClose" /></RibbonGroup><RibbonGroup TextLabelName="ACTIONS_LBL"><RibbonButtonItem ItemId="New" /><RibbonButtonItem ItemId="Refresh" /><RibbonButtonItem ItemId="Copy" ButtonSize="Small" /><RibbonButtonItem ItemId="Delete" ButtonSize="Small" /></RibbonGroup><RibbonGroup TextLabelName="PROOFING_LBL"><RibbonButtonItem ItemId="SpellCheck" /></RibbonGroup><RibbonGroup TextLabelName="LINKS_AND_INFO_LBL"><RibbonButtonItem ItemId="EditorLinks"><Links><LinkItem Title="Oracle Service Cloud" Url="http://cloud.oracle.com/service" /></Links></RibbonButtonItem><RibbonButtonItem ItemId="Separator" /><RibbonButtonItem ItemId="Info" /></RibbonGroup></RibbonTab></Ribbon><QuickAccessToolbar><QuickAccessToolbarItem ItemId="New" /><QuickAccessToolbarItem ItemId="Save" /><QuickAccessToolbarItem ItemId="SaveAndClose" /></QuickAccessToolbar><Info><InfoItem ObjectId="Accelerator$MessageLog" FieldId="Id" /><InfoItem ObjectId="Accelerator$MessageLog" FieldId="CreatedTime" /></Info><Rules><Rule Name="New Rule" Notes="" Active="True"><Triggers><Trigger Type="EditorLoaded" /></Triggers><Conditions LogicalExpression="0"><Condition><Source Type="Field" TableNode="True">Accelerator$MessageLog.Incident</Source><Property>Value</Property><Operator>IS_NOT_NULL</Operator><Value></Value></Condition></Conditions><Then><Action Type="Standard"><Object Type="Field" TableNode="True">Accelerator$MessageLog.Incident</Object><Operation>ReadOnly</Operation><Value>True</Value></Action></Then><Else /></Rule></Rules><Table ColumnCount="1" RowCount="5" ForeColor="Black" BackColor="Transparent"><Field Row="0" Column="0" ObjectId="Accelerator$MessageLog" FieldId="Incident" TabIndex="0" ReportId="8002" Id="636274332537323217" /><Field Row="1" Column="0" ObjectId="Accelerator$MessageLog" FieldId="Contact" TabIndex="1" LabelText="Contact" ReadOnlyOption="OnNew:~any~;OnEdit:~any~" ReportId="8014" Id="636274333312780755" /><Field Row="2" Column="0" ObjectId="Accelerator$MessageLog" FieldId="CreatedTime" TabIndex="2" LabelText="Message Received On" Id="636274333894008872" /><Field Row="3" Column="0" ObjectId="Accelerator$MessageLog" FieldId="Direction" TabIndex="3" ReadOnlyOption="OnNew:~any~;OnEdit:~any~" TrimTextWhitespace="True" SpellCheck="False" Multiline="False" AcceptsReturn="False" Id="636274334029652435" /><Field Row="4" Column="0" ObjectId="Accelerator$MessageLog" FieldId="Message" TabIndex="4" ReadOnlyOption="OnEdit:~any~" TrimTextWhitespace="True" SpellCheck="False" Multiline="True" AcceptsReturn="True" Height="60" ScrollBars="Vertical" Id="636274334304469914" /></Table></Workspace>
<!--L+SuZPDllStUPoMi24Zpc6jozvOcjfMPMfo=-->
