﻿<CustomObject Id="10002" Name="AssetIoTExtension" CoLabel="Asset IoT Extension" Description="This table is an extension to Asset Object in OSvC to store IoT specific Asset details in Oracle Service Cloud." DesignerData="" IsAgentVisible="True" IsAnalyticsVisible="True" IsSubclass="False" IsMenu="False" IsMenuOnlyClass="False" HasLabels="False" HasDescription="False" HasNotes="False" HasFileAttachment="False" IsLogTransactionsEnabled="False" HasUserTransactions="False" HasSequence="False" AllowsSPMSuppression="False"><Package Name="CO" Id="2" /><InterfaceLabels><InterfaceLabel Language="en_US" Label="Asset IoT Extension" Description="This table is an extension to Asset Object in OSvC to store IoT specific Asset details in Oracle Service Cloud." /></InterfaceLabels><Keys><Key Id="10004" KeyType="1"><Fields><Field Id="10004" /></Fields></Key><Key Id="10005" KeyType="3"><Fields><Field Id="10005" /></Fields></Key><Key Id="10006" KeyType="3"><Fields><Field Id="10006" /></Fields></Key></Keys><Fields><Field Id="10004" Label="ID" Description="System Field" Name="ID" DataTypeName="Integer" DataType="1" IsNullable="False" IsList="False" IsLookup="False" IsCoReadOnly="False" IsAutoUpdate="False" IsSequence="False" IsSystemField="True" /><Field Id="10005" Label="IoT Device ID" Description="The device ID of the Asset as represented in IoT Cloud." Name="iot_device_id" DataTypeName="Text" DataType="2" IsNullable="False" IsList="False" IsLookup="False" IsCoReadOnly="False" IsAutoUpdate="False" IsSequence="False" IsSystemField="False" MaxLength="255" Pattern="" Usage="PlainText" /><Field Id="10006" Label="Asset ID" Description="The Asset to which these IoT fields belong too." Name="asset_id" DataTypeName="Integer" DataType="1" IsNullable="True" IsList="False" IsLookup="True" IsCoReadOnly="False" IsAutoUpdate="False" IsSequence="False" IsSystemField="False" /></Fields><Notes /></CustomObject><!--D0VJ32LAI4CzgF2m/w2F009A8zMZ5aRt+c2h-->