﻿<CustomObject Id="10025" Name="EbsRequestType" CoLabel="ServiceRequestType" Description="" DesignerData="" IsAgentVisible="False" IsAnalyticsVisible="True" IsSubclass="False" IsMenu="True" IsMenuOnlyClass="True" HasLabels="False" HasDescription="False" HasNotes="False" HasFileAttachment="False" IsLogTransactionsEnabled="True" HasUserTransactions="False" HasSequence="True" AllowsSPMSuppression="True"><Package Name="Accelerator" Id="7" /><MenuItems><MenuItem IsLabelsMenu="False" Name="Break/Fix Repair" /><MenuItem IsLabelsMenu="False" Name="RMA - Advanced Replacement" /></MenuItems><InterfaceLabels><InterfaceLabel Language="en_US" Label="ServiceRequestType" Description="" /></InterfaceLabels><Keys><Key Id="10104" KeyType="1"><Fields><Field Id="10187" /></Fields></Key><Key Id="10105" KeyType="3"><Fields><Field Id="10188" /></Fields></Key></Keys><Fields><Field Id="10186" Label="DisplayOrder" Description="System Field" Name="DisplayOrder" DataTypeName="Integer" DataType="1" IsNullable="False" IsList="False" IsLookup="False" IsCoReadOnly="False" IsAutoUpdate="False" IsSequence="True" IsSystemField="True" /><Field Id="10187" Label="ID" Description="System Field" Name="ID" DataTypeName="Integer" DataType="1" IsNullable="False" IsList="False" IsLookup="False" IsCoReadOnly="False" IsAutoUpdate="False" IsSequence="False" IsSystemField="True" /><Field Id="10188" Label="Name" Description="System Field" Name="Name" DataTypeName="Text" DataType="2" IsNullable="False" IsList="False" IsLookup="True" IsCoReadOnly="False" IsAutoUpdate="False" IsSequence="False" IsSystemField="True" MaxLength="40" Pattern="" Usage="PlainText" /></Fields><Notes /></CustomObject><!--ZuaTUul+hoGPr1MKWc5rXfj69yIunmlOa4WD-->