﻿<CustomObject Id="2" Name="Contact" CoLabel="Contact" Description="Contact" DesignerData="" IsAgentVisible="True" IsAnalyticsVisible="True" IsSubclass="False" IsMenu="False" IsMenuOnlyClass="False" HasLabels="False" HasDescription="False" HasNotes="False" HasFileAttachment="False" IsLogTransactionsEnabled="False" HasUserTransactions="False" HasSequence="False" AllowsSPMSuppression="False"><Package Name="OracleServiceCloud" Id="2" /><InterfaceLabels><InterfaceLabel Language="en_US" Label="Contact" Description="Contact" /></InterfaceLabels><Keys /><Fields><Field Id="10162" Label="ebs_contact_party_id" Name="ebs_contact_party_id" DataTypeName="Integer" DataType="1" IsNullable="True" IsList="False" IsLookup="False" IsCoReadOnly="False" IsAutoUpdate="False" IsSequence="False" IsSystemField="False" PackageId="5" PackageName="Accelerator" MaxValue="999999" MinValue="0" /><Field Id="10163" Label="ebs_contact_org_id" Name="ebs_contact_org_id" DataTypeName="Integer" DataType="1" IsNullable="True" IsList="False" IsLookup="False" IsCoReadOnly="False" IsAutoUpdate="False" IsSequence="False" IsSystemField="False" PackageId="5" PackageName="Accelerator" MaxValue="999999" MinValue="0" /><Field Id="10213" Label="siebel_contact_org_id" Name="siebel_contact_org_id" DataTypeName="Text" DataType="2" IsNullable="True" IsList="False" IsLookup="False" IsCoReadOnly="False" IsAutoUpdate="False" IsSequence="False" IsSystemField="False" PackageId="5" PackageName="Accelerator" MaxLength="35" Pattern="" Usage="PlainText" /><Field Id="10214" Label="siebel_contact_party_id" Name="siebel_contact_party_id" DataTypeName="Text" DataType="2" IsNullable="True" IsList="False" IsLookup="False" IsCoReadOnly="False" IsAutoUpdate="False" IsSequence="False" IsSystemField="False" PackageId="5" PackageName="Accelerator" MaxLength="35" Pattern="" Usage="PlainText" /><Field Id="10215" Label="Shipping_Street" Name="Shipping_Street" DataTypeName="Text" DataType="2" IsNullable="True" IsList="False" IsLookup="False" IsCoReadOnly="False" IsAutoUpdate="False" IsSequence="False" IsSystemField="False" PackageId="5" PackageName="Accelerator" MaxLength="255" Pattern="" Usage="PlainText" /><Field Id="10216" Label="Shipping_City" Name="Shipping_City" DataTypeName="Text" DataType="2" IsNullable="True" IsList="False" IsLookup="False" IsCoReadOnly="False" IsAutoUpdate="False" IsSequence="False" IsSystemField="False" PackageId="5" PackageName="Accelerator" MaxLength="255" Pattern="" Usage="PlainText" /><Field Id="10217" Label="Shipping_State" Name="Shipping_State" DataTypeName="Text" DataType="2" IsNullable="True" IsList="False" IsLookup="False" IsCoReadOnly="False" IsAutoUpdate="False" IsSequence="False" IsSystemField="False" PackageId="5" PackageName="Accelerator" MaxLength="255" Pattern="" Usage="PlainText" /><Field Id="10218" Label="Shipping_Country" Name="Shipping_Country" DataTypeName="Text" DataType="2" IsNullable="True" IsList="False" IsLookup="False" IsCoReadOnly="False" IsAutoUpdate="False" IsSequence="False" IsSystemField="False" PackageId="5" PackageName="Accelerator" MaxLength="255" Pattern="" Usage="PlainText" /><Field Id="10219" Label="Shipping_PostalCode" Name="Shipping_PostalCode" DataTypeName="Text" DataType="2" IsNullable="True" IsList="False" IsLookup="False" IsCoReadOnly="False" IsAutoUpdate="False" IsSequence="False" IsSystemField="False" PackageId="5" PackageName="Accelerator" MaxLength="255" Pattern="" Usage="PlainText" /></Fields><Notes /></CustomObject><!--QqbMS/kiJnXLCA832TCQbCogg3rmZe7ei/4=-->