﻿<CustomObject Id="2" Name="Contact" CoLabel="Contact" Description="Contact" DesignerData="" IsAgentVisible="True" IsAnalyticsVisible="True" IsSubclass="False" IsMenu="False" IsMenuOnlyClass="False" HasLabels="False" HasDescription="False" HasNotes="False" HasFileAttachment="False" IsLogTransactionsEnabled="False" HasUserTransactions="False" HasSequence="False" AllowsSPMSuppression="False"><Package Name="OracleServiceCloud" Id="2" /><InterfaceLabels><InterfaceLabel Language="en_US" Label="Contact" Description="Contact" /></InterfaceLabels><Keys /><Fields><Field Id="10189" Label="ebs_contact_party_id" Name="ebs_contact_party_id" DataTypeName="Integer" DataType="1" IsNullable="True" IsList="False" IsLookup="False" IsCoReadOnly="False" IsAutoUpdate="False" IsSequence="False" IsSystemField="False" PackageId="7" PackageName="Accelerator" MaxValue="999999" MinValue="0" /><Field Id="10190" Label="ebs_contact_org_id" Name="ebs_contact_org_id" DataTypeName="Integer" DataType="1" IsNullable="True" IsList="False" IsLookup="False" IsCoReadOnly="False" IsAutoUpdate="False" IsSequence="False" IsSystemField="False" PackageId="7" PackageName="Accelerator" MaxValue="999999" MinValue="0" /></Fields><Notes /></CustomObject><!--xCMiWKZiyVNHtgbWDvbocf4+MtrUjVl6-->