﻿<CustomObject Id="1" Name="Incident" CoLabel="Incident" Description="Incident" DesignerData="" IsAgentVisible="True" IsAnalyticsVisible="True" IsSubclass="False" IsMenu="False" IsMenuOnlyClass="False" HasLabels="False" HasDescription="False" HasNotes="False" HasFileAttachment="False" IsLogTransactionsEnabled="False" HasUserTransactions="False" HasSequence="False" AllowsSPMSuppression="False"><Package Name="OracleServiceCloud" Id="2" /><InterfaceLabels><InterfaceLabel Language="en_US" Label="Incident" Description="Incident" /></InterfaceLabels><Keys><Key Id="10106" KeyType="3"><Fields><Field Id="10196" /></Fields></Key></Keys><Fields><Field Id="10191" Label="ebs_max_thread_id" Name="ebs_max_thread_id" DataTypeName="Integer" DataType="1" IsNullable="True" IsList="False" IsLookup="False" IsCoReadOnly="False" IsAutoUpdate="False" IsSequence="False" IsSystemField="False" PackageId="7" PackageName="Accelerator" MaxValue="999999" MinValue="0" /><Field Id="10192" Label="ebs_sr_id" Name="ebs_sr_id" DataTypeName="Integer" DataType="1" IsNullable="True" IsList="False" IsLookup="False" IsCoReadOnly="False" IsAutoUpdate="False" IsSequence="False" IsSystemField="False" PackageId="7" PackageName="Accelerator" MaxValue="999999" MinValue="0" /><Field Id="10193" Label="ebs_sr_num" Name="ebs_sr_num" DataTypeName="Text" DataType="2" IsNullable="True" IsList="False" IsLookup="False" IsCoReadOnly="False" IsAutoUpdate="False" IsSequence="False" IsSystemField="False" PackageId="7" PackageName="Accelerator" MaxLength="255" Pattern="" Usage="PlainText" /><Field Id="10194" Label="ebs_sr_obj_ver_num" Name="ebs_sr_obj_ver_num" DataTypeName="Integer" DataType="1" IsNullable="True" IsList="False" IsLookup="False" IsCoReadOnly="False" IsAutoUpdate="False" IsSequence="False" IsSystemField="False" PackageId="7" PackageName="Accelerator" MaxValue="9999" MinValue="0" /><Field Id="10195" Label="ebs_serial_number" Name="ebs_serial_number" DataTypeName="Text" DataType="2" IsNullable="True" IsList="False" IsLookup="False" IsCoReadOnly="False" IsAutoUpdate="False" IsSequence="False" IsSystemField="False" PackageId="7" PackageName="Accelerator" MaxLength="30" Pattern="" Usage="PlainText" /><Field Id="10196" Label="ebs_sr_request_type" Name="ebs_sr_request_type" DataTypeName="Menu" DataType="6" IsNullable="True" IsList="False" IsLookup="False" IsCoReadOnly="False" IsAutoUpdate="False" IsSequence="False" IsSystemField="False" PackageId="7" PackageName="Accelerator" ServerDefaultValue="1" MenuClassId="10025" /><Field Id="10198" Label="ebs_sr_owner_id" Name="ebs_sr_owner_id" DataTypeName="Text" DataType="2" IsNullable="True" IsList="False" IsLookup="False" IsCoReadOnly="False" IsAutoUpdate="False" IsSequence="False" IsSystemField="False" PackageId="7" PackageName="Accelerator" MaxLength="255" Pattern="" Usage="PlainText" /><Field Id="10199" Label="ebs_sr_serialnumber_mapping" Name="ebs_sr_serialnumber_mapping" DataTypeName="Text" DataType="2" IsNullable="True" IsList="False" IsLookup="False" IsCoReadOnly="False" IsAutoUpdate="False" IsSequence="False" IsSystemField="False" PackageId="7" PackageName="Accelerator" MaxLength="255" Pattern="" Usage="PlainText" /><Field Id="10213" Label="cp_ebs_product_validation" Name="cp_ebs_product_validation" DataTypeName="Text" DataType="2" IsNullable="True" IsList="False" IsLookup="False" IsCoReadOnly="False" IsAutoUpdate="False" IsSequence="False" IsSystemField="False" PackageId="7" PackageName="Accelerator" MaxLength="255" Pattern="" Usage="PlainText" /></Fields><Notes /></CustomObject><!--X1tZIVLblV1d7p9zQKrG+RRk8FU2O8dz-->