﻿<CustomObject Id="10021" Name="IncidentIntentDetail" CoLabel="IncidentIntentDetail" Description="" DesignerData="" IsAgentVisible="True" IsAnalyticsVisible="True" IsSubclass="False" IsMenu="False" IsMenuOnlyClass="False" HasLabels="False" HasDescription="False" HasNotes="False" HasFileAttachment="False" IsLogTransactionsEnabled="True" HasUserTransactions="False" HasSequence="False" AllowsSPMSuppression="False"><Package Name="Prediction" Id="9" /><InterfaceLabels><InterfaceLabel Language="en_US" Label="IncidentIntentDetail" Description="" /></InterfaceLabels><Keys><Key Id="10074" KeyType="1"><Fields><Field Id="10161" /></Fields></Key><Key Id="10076" KeyType="3"><Fields><Field Id="10172" /></Fields></Key><Key Id="10077" KeyType="3"><Fields><Field Id="10173" /></Fields></Key><Key Id="10078" KeyType="3"><Fields><Field Id="10174" /></Fields></Key></Keys><Fields><Field Id="10161" Label="ID" Description="System Field" Name="ID" DataTypeName="Integer" DataType="1" IsNullable="False" IsList="False" IsLookup="True" IsCoReadOnly="False" IsAutoUpdate="False" IsSequence="False" IsSystemField="True" /><Field Id="10162" Label="Date Created" Description="System Field" Name="CreatedTime" DataTypeName="Date Time" DataType="5" IsNullable="True" IsList="False" IsLookup="False" IsCoReadOnly="True" IsAutoUpdate="False" IsSequence="False" IsSystemField="True" ServerDefaultValue="curTime" /><Field Id="10163" Label="Date Last Updated" Description="System Field" Name="UpdatedTime" DataTypeName="Date Time" DataType="5" IsNullable="True" IsList="False" IsLookup="False" IsCoReadOnly="True" IsAutoUpdate="True" IsSequence="False" IsSystemField="True" ServerDefaultValue="curTime" /><Field Id="10165" Label="UsedProdML" Name="IsAcceptedProdML" DataTypeName="Yes/No" DataType="3" IsNullable="True" IsList="False" IsLookup="False" IsCoReadOnly="False" IsAutoUpdate="False" IsSequence="False" IsSystemField="False" /><Field Id="10166" Label="UsedCatML" Name="IsAcceptedCatML" DataTypeName="Yes/No" DataType="3" IsNullable="True" IsList="False" IsLookup="False" IsCoReadOnly="False" IsAutoUpdate="False" IsSequence="False" IsSystemField="False" /><Field Id="10167" Label="UsedDispML" Name="IsAcceptedDispML" DataTypeName="Yes/No" DataType="3" IsNullable="True" IsList="False" IsLookup="False" IsCoReadOnly="False" IsAutoUpdate="False" IsSequence="False" IsSystemField="False" /><Field Id="10168" Label="InsightMLTriggered" Name="InsightMLTriggered" DataTypeName="Yes/No" DataType="3" IsNullable="True" IsList="False" IsLookup="False" IsCoReadOnly="False" IsAutoUpdate="False" IsSequence="False" IsSystemField="False" /><Field Id="10169" Label="AutoMLTriggered" Name="AutoMLTriggered" DataTypeName="Yes/No" DataType="3" IsNullable="True" IsList="False" IsLookup="False" IsCoReadOnly="False" IsAutoUpdate="False" IsSequence="False" IsSystemField="False" /><Field Id="10170" Label="CommentML" Name="CommentML" DataTypeName="Text" DataType="2" IsNullable="True" IsList="False" IsLookup="False" IsCoReadOnly="False" IsAutoUpdate="False" IsSequence="False" IsSystemField="False" MaxLength="255" Pattern="" Usage="PlainText" /><Field Id="10172" Label="PredictedProduct" Name="PredictedProduct" DataTypeName="Menu" DataType="6" IsNullable="True" IsList="False" IsLookup="False" IsCoReadOnly="False" IsAutoUpdate="False" IsSequence="False" IsSystemField="False" OptListId="4" /><Field Id="10173" Label="PredictedCategory" Name="PredictedCategory" DataTypeName="Menu" DataType="6" IsNullable="True" IsList="False" IsLookup="False" IsCoReadOnly="False" IsAutoUpdate="False" IsSequence="False" IsSystemField="False" OptListId="5" /><Field Id="10174" Label="PredictedDisposition" Name="PredictedDisposition" DataTypeName="Menu" DataType="6" IsNullable="True" IsList="False" IsLookup="False" IsCoReadOnly="False" IsAutoUpdate="False" IsSequence="False" IsSystemField="False" OptListId="6" /></Fields><Notes /></CustomObject><!--2.aVqGbCIs3b5+yuvRH+LK5X2U90Aa9mHYpqTcA99q3PohBNpbUSNy-->