﻿<CustomObject Id="10023" Name="PredictionLog" CoLabel="PredictionLog" Description="" DesignerData="" IsAgentVisible="True" IsAnalyticsVisible="True" IsSubclass="False" IsMenu="False" IsMenuOnlyClass="False" HasLabels="False" HasDescription="False" HasNotes="False" HasFileAttachment="False" IsLogTransactionsEnabled="False" HasUserTransactions="False" HasSequence="False" AllowsSPMSuppression="False"><Package Name="Prediction" Id="9" /><InterfaceLabels><InterfaceLabel Language="en_US" Label="PredictionLog" Description="" /></InterfaceLabels><Keys><Key Id="10081" KeyType="1"><Fields><Field Id="10178" /></Fields></Key><Key Id="10082" KeyType="3"><Fields><Field Id="10180" /></Fields></Key><Key Id="10083" KeyType="3"><Fields><Field Id="10194" /></Fields></Key><Key Id="10084" KeyType="3"><Fields><Field Id="10195" /></Fields></Key><Key Id="10085" KeyType="3"><Fields><Field Id="10196" /></Fields></Key><Key Id="10086" KeyType="3"><Fields><Field Id="10200" /></Fields></Key><Key Id="10087" KeyType="3"><Fields><Field Id="10201" /></Fields></Key><Key Id="10088" KeyType="3"><Fields><Field Id="10202" /></Fields></Key><Key Id="10089" KeyType="3"><Fields><Field Id="10203" /></Fields></Key></Keys><Fields><Field Id="10178" Label="ID" Description="System Field" Name="ID" DataTypeName="Integer" DataType="1" IsNullable="False" IsList="False" IsLookup="True" IsCoReadOnly="False" IsAutoUpdate="False" IsSequence="False" IsSystemField="True" /><Field Id="10179" Label="Date Created" Description="System Field" Name="CreatedTime" DataTypeName="Date Time" DataType="5" IsNullable="True" IsList="False" IsLookup="False" IsCoReadOnly="True" IsAutoUpdate="False" IsSequence="False" IsSystemField="True" ServerDefaultValue="curTime" /><Field Id="10180" Label="IncidentId" Name="IncidentId" DataTypeName="Integer" DataType="1" IsNullable="True" IsList="False" IsLookup="False" IsCoReadOnly="False" IsAutoUpdate="False" IsSequence="False" IsSystemField="False" /><Field Id="10181" Label="PredictedProductId" Name="PredictedProductId" DataTypeName="Integer" DataType="1" IsNullable="True" IsList="False" IsLookup="False" IsCoReadOnly="False" IsAutoUpdate="False" IsSequence="False" IsSystemField="False" /><Field Id="10182" Label="CreatedProductId" Name="CreatedProductId" DataTypeName="Integer" DataType="1" IsNullable="True" IsList="False" IsLookup="False" IsCoReadOnly="False" IsAutoUpdate="False" IsSequence="False" IsSystemField="False" /><Field Id="10184" Label="CreatedCategoryId" Name="CreatedCategoryId" DataTypeName="Integer" DataType="1" IsNullable="True" IsList="False" IsLookup="False" IsCoReadOnly="False" IsAutoUpdate="False" IsSequence="False" IsSystemField="False" /><Field Id="10185" Label="CreatedDispositionId" Name="CreatedDispositionId" DataTypeName="Integer" DataType="1" IsNullable="True" IsList="False" IsLookup="False" IsCoReadOnly="False" IsAutoUpdate="False" IsSequence="False" IsSystemField="False" /><Field Id="10186" Label="PredictedCategoryId" Name="PredictedCategoryId" DataTypeName="Integer" DataType="1" IsNullable="True" IsList="False" IsLookup="False" IsCoReadOnly="False" IsAutoUpdate="False" IsSequence="False" IsSystemField="False" /><Field Id="10187" Label="PredictedDispositionId" Name="PredictedDispositionId" DataTypeName="Integer" DataType="1" IsNullable="True" IsList="False" IsLookup="False" IsCoReadOnly="False" IsAutoUpdate="False" IsSequence="False" IsSystemField="False" /><Field Id="10188" Label="MinConfidenceScoreProduct" Name="MinConfidenceScoreProduct" DataTypeName="Decimal" DataType="9" IsNullable="True" IsList="False" IsLookup="False" IsCoReadOnly="False" IsAutoUpdate="False" IsSequence="False" IsSystemField="False" Scale="2" MaxValue="1" MinValue="0" /><Field Id="10189" Label="MinConfidenceScoreCategory" Name="MinConfidenceScoreCategory" DataTypeName="Decimal" DataType="9" IsNullable="True" IsList="False" IsLookup="False" IsCoReadOnly="False" IsAutoUpdate="False" IsSequence="False" IsSystemField="False" Scale="2" MaxValue="1" MinValue="0" /><Field Id="10190" Label="MinConfidenceScoreDisposition" Name="MinConfidenceScoreDisposition" DataTypeName="Decimal" DataType="9" IsNullable="True" IsList="False" IsLookup="False" IsCoReadOnly="False" IsAutoUpdate="False" IsSequence="False" IsSystemField="False" Scale="2" MaxValue="1" MinValue="0" /><Field Id="10191" Label="ConfidenceScoreProduct" Name="ConfidenceScoreProduct" DataTypeName="Decimal" DataType="9" IsNullable="True" IsList="False" IsLookup="False" IsCoReadOnly="False" IsAutoUpdate="False" IsSequence="False" IsSystemField="False" Scale="2" MaxValue="1" MinValue="0" /><Field Id="10192" Label="ConfidenceScoreCategory" Name="ConfidenceScoreCategory" DataTypeName="Decimal" DataType="9" IsNullable="True" IsList="False" IsLookup="False" IsCoReadOnly="False" IsAutoUpdate="False" IsSequence="False" IsSystemField="False" Scale="2" MaxValue="1" MinValue="0" /><Field Id="10193" Label="ConfidenceScoreDisposition" Name="ConfidenceScoreDisposition" DataTypeName="Decimal" DataType="9" IsNullable="True" IsList="False" IsLookup="False" IsCoReadOnly="False" IsAutoUpdate="False" IsSequence="False" IsSystemField="False" Scale="2" MaxValue="1" MinValue="0" /><Field Id="10194" Label="PredictedProduct" Name="PredictedProduct" DataTypeName="Menu" DataType="6" IsNullable="True" IsList="False" IsLookup="False" IsCoReadOnly="False" IsAutoUpdate="False" IsSequence="False" IsSystemField="False" OptListId="4" /><Field Id="10195" Label="CreatedProduct" Name="CreatedProduct" DataTypeName="Menu" DataType="6" IsNullable="True" IsList="False" IsLookup="False" IsCoReadOnly="False" IsAutoUpdate="False" IsSequence="False" IsSystemField="False" OptListId="4" /><Field Id="10196" Label="Source" Name="Source" DataTypeName="Menu" DataType="6" IsNullable="True" IsList="False" IsLookup="False" IsCoReadOnly="False" IsAutoUpdate="False" IsSequence="False" IsSystemField="False" MenuClassId="10024" /><Field Id="10197" Label="Comment" Name="Comment" DataTypeName="Text" DataType="2" IsNullable="True" IsList="False" IsLookup="False" IsCoReadOnly="False" IsAutoUpdate="False" IsSequence="False" IsSystemField="False" MaxLength="255" Pattern="" Usage="PlainText" /><Field Id="10198" Label="modelExTime" Name="ModelApiExTime" DataTypeName="Decimal" DataType="9" IsNullable="True" IsList="False" IsLookup="False" IsCoReadOnly="False" IsAutoUpdate="False" IsSequence="False" IsSystemField="False" Scale="2" MaxValue="1000" MinValue="0" /><Field Id="10200" Label="PredictedCategory" Name="PredictedCategory" DataTypeName="Menu" DataType="6" IsNullable="True" IsList="False" IsLookup="False" IsCoReadOnly="False" IsAutoUpdate="False" IsSequence="False" IsSystemField="False" OptListId="5" /><Field Id="10201" Label="PredictedDisposition" Name="PredictedDisposition" DataTypeName="Menu" DataType="6" IsNullable="True" IsList="False" IsLookup="False" IsCoReadOnly="False" IsAutoUpdate="False" IsSequence="False" IsSystemField="False" OptListId="6" /><Field Id="10202" Label="CreatedProduct" Name="CreatedCategory" DataTypeName="Menu" DataType="6" IsNullable="True" IsList="False" IsLookup="False" IsCoReadOnly="False" IsAutoUpdate="False" IsSequence="False" IsSystemField="False" OptListId="5" /><Field Id="10203" Label="CreatedDisposition" Name="CreatedDisposition" DataTypeName="Menu" DataType="6" IsNullable="True" IsList="False" IsLookup="False" IsCoReadOnly="False" IsAutoUpdate="False" IsSequence="False" IsSystemField="False" OptListId="6" /></Fields><Notes /></CustomObject><!--2.VjaNB7hHBrNuNgnTo2hphQpLAzO4urWUGA+FihqIGx+/t4YlCfI=-->