﻿<CustomObject Id="1" Name="Incident" CoLabel="Incident" Description="Incident" DesignerData="" IsAgentVisible="True" IsAnalyticsVisible="True" IsSubclass="False" IsMenu="False" IsMenuOnlyClass="False" HasLabels="False" HasDescription="False" HasNotes="False" HasFileAttachment="False" IsLogTransactionsEnabled="False" HasUserTransactions="False" HasSequence="False" AllowsSPMSuppression="False"><Package Name="OracleServiceCloud" Id="2" /><InterfaceLabels><InterfaceLabel Language="en_US" Label="Incident" Description="Incident" /></InterfaceLabels><Keys><Key Id="10092" KeyType="3"><Fields><Field Id="10207" /></Fields></Key></Keys><Fields><Field Id="10207" Label="IncidentIntentDetail" Name="IncidentIntentDetail" DataTypeName="Integer" DataType="1" IsNullable="True" IsList="False" IsLookup="False" IsCoReadOnly="False" IsAutoUpdate="False" IsSequence="False" IsSystemField="False" PackageId="9" PackageName="Prediction" /></Fields><Notes /></CustomObject><!--2.SxfYq3vYf/wNB/WPii6S/BrFA08xcdt50vutafg/y1NO3YX6TOI=-->