﻿<CustomObject Id="10024" Name="Source" CoLabel="Source" Description="" DesignerData="" IsAgentVisible="False" IsAnalyticsVisible="True" IsSubclass="False" IsMenu="True" IsMenuOnlyClass="True" HasLabels="False" HasDescription="False" HasNotes="False" HasFileAttachment="False" IsLogTransactionsEnabled="True" HasUserTransactions="False" HasSequence="True" AllowsSPMSuppression="True"><Package Name="Prediction" Id="9" /><MenuItems><MenuItem IsLabelsMenu="False" Name="CPM: Vision" /><MenuItem IsLabelsMenu="False" Name="CPM: Text" /><MenuItem IsLabelsMenu="False" Name="Insight: Text" /><MenuItem IsLabelsMenu="False" Name="CPM: Update" /></MenuItems><InterfaceLabels><InterfaceLabel Language="en_US" Label="Source" Description="" /></InterfaceLabels><Keys><Key Id="10090" KeyType="1"><Fields><Field Id="10205" /></Fields></Key><Key Id="10091" KeyType="3"><Fields><Field Id="10206" /></Fields></Key></Keys><Fields><Field Id="10204" Label="DisplayOrder" Description="System Field" Name="DisplayOrder" DataTypeName="Integer" DataType="1" IsNullable="False" IsList="False" IsLookup="False" IsCoReadOnly="False" IsAutoUpdate="False" IsSequence="True" IsSystemField="True" /><Field Id="10205" Label="ID" Description="System Field" Name="ID" DataTypeName="Integer" DataType="1" IsNullable="False" IsList="False" IsLookup="False" IsCoReadOnly="False" IsAutoUpdate="False" IsSequence="False" IsSystemField="True" /><Field Id="10206" Label="Name" Description="System Field" Name="Name" DataTypeName="Text" DataType="2" IsNullable="False" IsList="False" IsLookup="True" IsCoReadOnly="False" IsAutoUpdate="False" IsSequence="False" IsSystemField="True" MaxLength="40" Pattern="" Usage="PlainText" /></Fields><Notes /></CustomObject><!--2.bQC7bV4kQ7LpLvjgRnfc1QvUmLfUcLSWpdboX8KftA75FSiD-->