﻿<CustomObject Id="1" Name="Incident" CoLabel="Incident" Description="Incident" DesignerData="" IsAgentVisible="True" IsAnalyticsVisible="True" IsSubclass="False" IsMenu="False" IsMenuOnlyClass="False" HasLabels="False" HasDescription="False" HasNotes="False" HasFileAttachment="False" IsLogTransactionsEnabled="False" HasUserTransactions="False" HasSequence="False" AllowsSPMSuppression="False"><Package Name="OracleServiceCloud" Id="4" /><InterfaceLabels><InterfaceLabel Language="en_US" Label="Incident" Description="Incident" /></InterfaceLabels><Keys /><Fields><Field Id="10828" Label="gps_longitude" Name="gps_longitude" DataTypeName="Text" DataType="2" IsNullable="True" IsList="False" IsLookup="False" IsCoReadOnly="False" IsAutoUpdate="False" IsSequence="False" IsSystemField="False" PackageId="9" PackageName="Mobile" MaxLength="255" Pattern="" Usage="PlainText" /><Field Id="10829" Label="gps_latitude" Name="gps_latitude" DataTypeName="Text" DataType="2" IsNullable="True" IsList="False" IsLookup="False" IsCoReadOnly="False" IsAutoUpdate="False" IsSequence="False" IsSystemField="False" PackageId="9" PackageName="Mobile" MaxLength="255" Pattern="" Usage="PlainText" /></Fields><Notes /></CustomObject><!--mWZFTPTBivOTLpWOYeEup1S+ub2pxQV+KTDl-->