﻿<CustomObject Id="24" Name="Account" CoLabel="Account" Description="Account" DesignerData="" IsAgentVisible="True" IsAnalyticsVisible="True" IsSubclass="False" IsMenu="False" IsMenuOnlyClass="False" HasLabels="False" HasDescription="False" HasNotes="False" HasFileAttachment="False" IsLogTransactionsEnabled="False" HasUserTransactions="False" HasSequence="False" AllowsSPMSuppression="False"><Package Name="OracleServiceCloud" Id="4" /><InterfaceLabels><InterfaceLabel Language="en_US" Label="Account" Description="Account" /></InterfaceLabels><Keys /><Fields><Field Id="10827" Label="gcm_token" Name="gcm_token" DataTypeName="Text" DataType="2" IsNullable="True" IsList="False" IsLookup="False" IsCoReadOnly="False" IsAutoUpdate="False" IsSequence="False" IsSystemField="False" PackageId="9" PackageName="Mobile" MaxLength="255" Pattern="" Usage="PlainText" /><Field Id="10830" Label="apns_token" Name="apns_token" DataTypeName="Text" DataType="2" IsNullable="True" IsList="False" IsLookup="False" IsCoReadOnly="False" IsAutoUpdate="False" IsSequence="False" IsSystemField="False" PackageId="9" PackageName="Mobile" MaxLength="255" Pattern="" Usage="PlainText" /></Fields><Notes /></CustomObject><!--uwjaQlvrk6FABSY+cefE21SfPt8LL4+U+aLl-->