﻿<CustomObject Id="10027" Name="Emotion" CoLabel="Emotion" Description="" DesignerData="" IsAgentVisible="False" IsAnalyticsVisible="True" IsSubclass="False" IsMenu="True" IsMenuOnlyClass="True" HasLabels="False" HasDescription="False" HasNotes="False" HasFileAttachment="False" IsLogTransactionsEnabled="True" HasUserTransactions="False" HasSequence="True" AllowsSPMSuppression="True"><Package Name="AIML" Id="7" /><MenuItems><MenuItem IsLabelsMenu="False" Name="Neutral" /><MenuItem IsLabelsMenu="False" Name="Positive" /><MenuItem IsLabelsMenu="False" Name="Negative" /></MenuItems><InterfaceLabels><InterfaceLabel Language="en_US" Label="Emotion" Description="" /></InterfaceLabels><Keys><Key Id="10125" KeyType="1"><Fields><Field Id="10296" /></Fields></Key><Key Id="10126" KeyType="3"><Fields><Field Id="10297" /></Fields></Key></Keys><Fields><Field Id="10295" Label="DisplayOrder" Description="System Field" Name="DisplayOrder" DataTypeName="Integer" DataType="1" IsNullable="False" IsList="False" IsLookup="False" IsCoReadOnly="False" IsAutoUpdate="False" IsSequence="True" IsSystemField="True" /><Field Id="10296" Label="ID" Description="System Field" Name="ID" DataTypeName="Integer" DataType="1" IsNullable="False" IsList="False" IsLookup="False" IsCoReadOnly="False" IsAutoUpdate="False" IsSequence="False" IsSystemField="True" /><Field Id="10297" Label="Name" Description="System Field" Name="Name" DataTypeName="Text" DataType="2" IsNullable="False" IsList="False" IsLookup="True" IsCoReadOnly="False" IsAutoUpdate="False" IsSequence="False" IsSystemField="True" MaxLength="40" Pattern="" Usage="PlainText" /></Fields><Notes /></CustomObject><!--2.aAoal+yD5H/ktxrbrVsfa3IF/1RJxLMc+iH+yrbb+2B7oRPxVsA=-->