﻿<CustomObject Id="10029" Name="ChatAIResultSummary" CoLabel="ChatAIResultSummary" Description="" DesignerData="" IsAgentVisible="True" IsAnalyticsVisible="True" IsSubclass="False" IsMenu="False" IsMenuOnlyClass="False" HasLabels="False" HasDescription="False" HasNotes="False" HasFileAttachment="False" IsLogTransactionsEnabled="True" HasUserTransactions="False" HasSequence="False" AllowsSPMSuppression="False"><Package Name="AIML" Id="7" /><InterfaceLabels><InterfaceLabel Language="en_US" Label="ChatAIResultSummary" Description="" /></InterfaceLabels><Keys><Key Id="10119" KeyType="1"><Fields><Field Id="10273" /></Fields></Key><Key Id="10120" KeyType="3"><Fields><Field Id="10282" /></Fields></Key><Key Id="10121" KeyType="3"><Fields><Field Id="10286" /></Fields></Key><Key Id="10122" KeyType="3"><Fields><Field Id="10287" /></Fields></Key></Keys><Fields><Field Id="10273" Label="ID" Description="System Field" Name="ID" DataTypeName="Integer" DataType="1" IsNullable="False" IsList="False" IsLookup="True" IsCoReadOnly="False" IsAutoUpdate="False" IsSequence="False" IsSystemField="True" /><Field Id="10274" Label="Date Created" Description="System Field" Name="CreatedTime" DataTypeName="Date Time" DataType="5" IsNullable="True" IsList="False" IsLookup="False" IsCoReadOnly="True" IsAutoUpdate="False" IsSequence="False" IsSystemField="True" ServerDefaultValue="curTime" /><Field Id="10275" Label="Date Last Updated" Description="System Field" Name="UpdatedTime" DataTypeName="Date Time" DataType="5" IsNullable="True" IsList="False" IsLookup="False" IsCoReadOnly="True" IsAutoUpdate="True" IsSequence="False" IsSystemField="True" ServerDefaultValue="curTime" /><Field Id="10276" Label="IsEndUserInNegativeEmotion" Name="IsEndUserInNegativeEmotion" DataTypeName="Yes/No" DataType="3" IsNullable="True" IsList="False" IsLookup="False" IsCoReadOnly="False" IsAutoUpdate="False" IsSequence="False" IsSystemField="False" /><Field Id="10277" Label="HaveAgentInNegativeEmotion" Name="HaveAgentInNegativeEmotion" DataTypeName="Yes/No" DataType="3" IsNullable="True" IsList="False" IsLookup="False" IsCoReadOnly="False" IsAutoUpdate="False" IsSequence="False" IsSystemField="False" /><Field Id="10278" Label="IsAlertTriggered" Name="IsAlertTriggered" DataTypeName="Yes/No" DataType="3" IsNullable="True" IsList="False" IsLookup="False" IsCoReadOnly="False" IsAutoUpdate="False" IsSequence="False" IsSystemField="False" /><Field Id="10279" Label="RequestManagerIntervene" Name="RequestManagerIntervene" DataTypeName="Yes/No" DataType="3" IsNullable="True" IsList="False" IsLookup="False" IsCoReadOnly="False" IsAutoUpdate="False" IsSequence="False" IsSystemField="False" /><Field Id="10280" Label="RequestManagerInterveneCount" Name="RequestManagerInterveneCount" DataTypeName="Integer" DataType="1" IsNullable="True" IsList="False" IsLookup="False" IsCoReadOnly="False" IsAutoUpdate="False" IsSequence="False" IsSystemField="False" /><Field Id="10281" Label="IsActive" Name="IsActive" DataTypeName="Yes/No" DataType="3" IsNullable="True" IsList="False" IsLookup="False" IsCoReadOnly="False" IsAutoUpdate="False" IsSequence="False" IsSystemField="False" /><Field Id="10282" Label="CurrentQueue" Name="CurrentQueue" DataTypeName="Menu" DataType="6" IsNullable="True" IsList="False" IsLookup="False" IsCoReadOnly="False" IsAutoUpdate="False" IsSequence="False" IsSystemField="False" OptListId="17" /><Field Id="10283" Label="MinNegativeMessageCount" Name="MaxNegativeMessageCount" DataTypeName="Integer" DataType="1" IsNullable="True" IsList="False" IsLookup="False" IsCoReadOnly="False" IsAutoUpdate="False" IsSequence="False" IsSystemField="False" /><Field Id="10284" Label="InitialMessageToSkipCount" Name="InitialMessageToSkipCount" DataTypeName="Integer" DataType="1" IsNullable="True" IsList="False" IsLookup="False" IsCoReadOnly="False" IsAutoUpdate="False" IsSequence="False" IsSystemField="False" /><Field Id="10285" Label="NegativeMessageCount" Name="NegativeMessageCount" DataTypeName="Integer" DataType="1" IsNullable="True" IsList="False" IsLookup="False" IsCoReadOnly="False" IsAutoUpdate="False" IsSequence="False" IsSystemField="False" /><Field Id="10286" Label="AccountId" Name="AccountId" DataTypeName="Integer" DataType="1" IsNullable="True" IsList="False" IsLookup="False" IsCoReadOnly="False" IsAutoUpdate="False" IsSequence="False" IsSystemField="False" /><Field Id="10287" Label="ContactId" Name="ContactId" DataTypeName="Integer" DataType="1" IsNullable="True" IsList="False" IsLookup="False" IsCoReadOnly="False" IsAutoUpdate="False" IsSequence="False" IsSystemField="False" /><Field Id="10288" Label="ChatId" Name="ChatId" DataTypeName="Integer" DataType="1" IsNullable="False" IsList="False" IsLookup="False" IsCoReadOnly="False" IsAutoUpdate="False" IsSequence="False" IsSystemField="False" /><Field Id="10289" Label="MinEmotionConf" Name="MinEmotionConf" DataTypeName="Decimal" DataType="9" IsNullable="False" IsList="False" IsLookup="False" IsCoReadOnly="False" IsAutoUpdate="False" IsSequence="False" IsSystemField="False" Scale="2" MaxValue="100" MinValue="0" /><Field Id="10290" Label="MinRequestManagerInterveneConf" Name="MinRequestManagerInterveneConf" DataTypeName="Decimal" DataType="9" IsNullable="False" IsList="False" IsLookup="False" IsCoReadOnly="False" IsAutoUpdate="False" IsSequence="False" IsSystemField="False" Scale="2" MaxValue="100" MinValue="0" /><Field Id="10291" Label="IsPrivateChat" Name="IsPrivateChat" DataTypeName="Yes/No" DataType="3" IsNullable="True" IsList="False" IsLookup="False" IsCoReadOnly="False" IsAutoUpdate="False" IsSequence="False" IsSystemField="False" ServerDefaultValue="0" /><Field Id="10333" Label="FirstEngagementTime" Name="FirstEngagementTime" DataTypeName="Date Time" DataType="5" IsNullable="True" IsList="False" IsLookup="False" IsCoReadOnly="False" IsAutoUpdate="False" IsSequence="False" IsSystemField="False" /><Field Id="10334" Label="CompletedTime" Name="CompletedTime" DataTypeName="Date Time" DataType="5" IsNullable="True" IsList="False" IsLookup="False" IsCoReadOnly="False" IsAutoUpdate="False" IsSequence="False" IsSystemField="False" /></Fields><Notes /></CustomObject><!--2.AhzExXZU8EA1/KJtuC87AoTx8KkuwkXId5a5+J7TC7+rhnC+v0Pq-->