﻿<CustomObject Id="10028" Name="ChatRole" CoLabel="ChatRole" Description="" DesignerData="" IsAgentVisible="False" IsAnalyticsVisible="True" IsSubclass="False" IsMenu="True" IsMenuOnlyClass="True" HasLabels="False" HasDescription="False" HasNotes="False" HasFileAttachment="False" IsLogTransactionsEnabled="True" HasUserTransactions="False" HasSequence="True" AllowsSPMSuppression="True"><Package Name="AIML" Id="7" /><MenuItems><MenuItem IsLabelsMenu="False" Name="AGENT" /><MenuItem IsLabelsMenu="False" Name="END_USER" /><MenuItem IsLabelsMenu="False" Name="SYSTEM" /></MenuItems><InterfaceLabels><InterfaceLabel Language="en_US" Label="ChatRole" Description="" /></InterfaceLabels><Keys><Key Id="10123" KeyType="1"><Fields><Field Id="10293" /></Fields></Key><Key Id="10124" KeyType="3"><Fields><Field Id="10294" /></Fields></Key></Keys><Fields><Field Id="10292" Label="DisplayOrder" Description="System Field" Name="DisplayOrder" DataTypeName="Integer" DataType="1" IsNullable="False" IsList="False" IsLookup="False" IsCoReadOnly="False" IsAutoUpdate="False" IsSequence="True" IsSystemField="True" /><Field Id="10293" Label="ID" Description="System Field" Name="ID" DataTypeName="Integer" DataType="1" IsNullable="False" IsList="False" IsLookup="False" IsCoReadOnly="False" IsAutoUpdate="False" IsSequence="False" IsSystemField="True" /><Field Id="10294" Label="Name" Description="System Field" Name="Name" DataTypeName="Text" DataType="2" IsNullable="False" IsList="False" IsLookup="True" IsCoReadOnly="False" IsAutoUpdate="False" IsSequence="False" IsSystemField="True" MaxLength="40" Pattern="" Usage="PlainText" /></Fields><Notes /></CustomObject><!--2.kvFfx+IlKph9cnMgSN31S9I/1ePXZxPlDOhL0zj5Kf9YxdxSf+o8-->