﻿<CustomObject Id="10026" Name="ChatAIPredictionInfo" CoLabel="ChatAIPredictionInfo" Description="" DesignerData="" IsAgentVisible="True" IsAnalyticsVisible="True" IsSubclass="False" IsMenu="False" IsMenuOnlyClass="False" HasLabels="False" HasDescription="False" HasNotes="True" HasFileAttachment="False" IsLogTransactionsEnabled="True" HasUserTransactions="False" HasSequence="False" AllowsSPMSuppression="False"><Package Name="AIML" Id="7" /><InterfaceLabels><InterfaceLabel Language="en_US" Label="ChatAIPredictionInfo" Description="" /></InterfaceLabels><Keys><Key Id="10114" KeyType="1"><Fields><Field Id="10260" /></Fields></Key><Key Id="10115" KeyType="3"><Fields><Field Id="10264" /></Fields></Key><Key Id="10116" KeyType="3"><Fields><Field Id="10265" /></Fields></Key><Key Id="10117" KeyType="3"><Fields><Field Id="10270" /></Fields></Key><Key Id="10118" KeyType="3"><Fields><Field Id="10271" /></Fields></Key></Keys><Fields><Field Id="10260" Label="ID" Description="System Field" Name="ID" DataTypeName="Integer" DataType="1" IsNullable="False" IsList="False" IsLookup="True" IsCoReadOnly="False" IsAutoUpdate="False" IsSequence="False" IsSystemField="True" /><Field Id="10261" Label="Notes" Description="Notes for the object" Name="Notes" DataTypeName="Notes" DataType="16" IsNullable="True" IsList="True" IsLookup="False" IsCoReadOnly="False" IsAutoUpdate="False" IsSequence="False" IsSystemField="True" /><Field Id="10262" Label="Date Created" Description="System Field" Name="CreatedTime" DataTypeName="Date Time" DataType="5" IsNullable="True" IsList="False" IsLookup="False" IsCoReadOnly="True" IsAutoUpdate="False" IsSequence="False" IsSystemField="True" ServerDefaultValue="curTime" /><Field Id="10263" Label="ChatText" Name="ChatText" DataTypeName="Text" DataType="2" IsNullable="False" IsList="False" IsLookup="False" IsCoReadOnly="False" IsAutoUpdate="False" IsSequence="False" IsSystemField="False" MaxLength="" Pattern="" Usage="LongText" /><Field Id="10264" Label="Emotion" Name="Emotion" DataTypeName="Menu" DataType="6" IsNullable="True" IsList="False" IsLookup="False" IsCoReadOnly="False" IsAutoUpdate="False" IsSequence="False" IsSystemField="False" MenuClassId="10027" /><Field Id="10265" Label="SuggestEmotion" Name="SuggestEmotion" DataTypeName="Menu" DataType="6" IsNullable="True" IsList="False" IsLookup="False" IsCoReadOnly="False" IsAutoUpdate="False" IsSequence="False" IsSystemField="False" MenuClassId="10027" /><Field Id="10266" Label="EmotionConf" Name="EmotionConf" DataTypeName="Decimal" DataType="9" IsNullable="False" IsList="False" IsLookup="False" IsCoReadOnly="False" IsAutoUpdate="False" IsSequence="False" IsSystemField="False" Scale="2" MaxValue="100" MinValue="0" /><Field Id="10267" Label="SuggestManagerIntervene" Name="SuggestManagerIntervene" DataTypeName="Yes/No" DataType="3" IsNullable="True" IsList="False" IsLookup="False" IsCoReadOnly="False" IsAutoUpdate="False" IsSequence="False" IsSystemField="False" /><Field Id="10268" Label="RequestManagerIntervene" Name="RequestManagerIntervene" DataTypeName="Yes/No" DataType="3" IsNullable="True" IsList="False" IsLookup="False" IsCoReadOnly="False" IsAutoUpdate="False" IsSequence="False" IsSystemField="False" /><Field Id="10269" Label="RequestManagerInterveneConf" Name="RequestManagerInterveneConf" DataTypeName="Decimal" DataType="9" IsNullable="False" IsList="False" IsLookup="False" IsCoReadOnly="False" IsAutoUpdate="False" IsSequence="False" IsSystemField="False" Scale="2" MaxValue="100" MinValue="0" /><Field Id="10270" Label="ChatRole" Name="ChatRole" DataTypeName="Menu" DataType="6" IsNullable="True" IsList="False" IsLookup="False" IsCoReadOnly="False" IsAutoUpdate="False" IsSequence="False" IsSystemField="False" MenuClassId="10028" /><Field Id="10271" Label="ChatAIResultSummary" Name="ChatAIResultSummary" DataTypeName="Integer" DataType="1" IsNullable="True" IsList="False" IsLookup="False" IsCoReadOnly="False" IsAutoUpdate="False" IsSequence="False" IsSystemField="False" /><Field Id="10272" Label="ChatOrder" Name="ChatOrder" DataTypeName="Integer" DataType="1" IsNullable="True" IsList="False" IsLookup="False" IsCoReadOnly="False" IsAutoUpdate="False" IsSequence="False" IsSystemField="False" /></Fields><Notes /></CustomObject><!--2.XbWFHuuqeLcXIlnjSQTxiGLiArVSFqUro6MFnvxGdQmmT+VQiw==-->