﻿<CustomObject Id="10002" Name="Sales_Oppty_Leads" CoLabel="Sales_Oppty_Leads" Description="The custom object used to create and send leads to Sales Cloud." DesignerData="" IsAgentVisible="True" IsAnalyticsVisible="True" IsSubclass="False" IsMenu="False" IsMenuOnlyClass="False" HasLabels="False" HasDescription="False" HasNotes="False" HasFileAttachment="False" IsLogTransactionsEnabled="True" HasUserTransactions="False" HasSequence="False" AllowsSPMSuppression="False"><Package Name="OSC" Id="3" /><InterfaceLabels><InterfaceLabel Language="en_US" Label="Sales_Oppty_Leads" Description="The custom object used to create and send leads to Sales Cloud." /><InterfaceLabel Language="en_US" Label="Sales_Oppty_Leads" Description="The custom object used to create and send leads to Sales Cloud." /></InterfaceLabels><Keys><Key Id="10007" KeyType="1"><Fields><Field Id="10013" /></Fields></Key><Key Id="10008" KeyType="3"><Fields><Field Id="10015" /></Fields></Key><Key Id="10009" KeyType="3"><Fields><Field Id="10017" /></Fields></Key><Key Id="10010" KeyType="3"><Fields><Field Id="10021" /></Fields></Key><Key Id="10011" KeyType="3"><Fields><Field Id="10022" /></Fields></Key><Key Id="10012" KeyType="3"><Fields><Field Id="10023" /></Fields></Key></Keys><Fields><Field Id="10013" Label="ID" Description="System Field" Name="ID" DataTypeName="Integer" DataType="1" IsNullable="False" IsList="False" IsLookup="True" IsCoReadOnly="False" IsAutoUpdate="False" IsSequence="False" IsSystemField="True" /><Field Id="10014" Label="Date Created" Description="System Field" Name="CreatedTime" DataTypeName="Date Time" DataType="5" IsNullable="True" IsList="False" IsLookup="False" IsCoReadOnly="True" IsAutoUpdate="False" IsSequence="False" IsSystemField="True" ServerDefaultValue="curTime" /><Field Id="10015" Label="Created By" Description="System Field" Name="CreatedByAccount" DataTypeName="Menu" DataType="6" IsNullable="True" IsList="False" IsLookup="False" IsCoReadOnly="True" IsAutoUpdate="False" IsSequence="False" IsSystemField="True" ServerDefaultValue="curAdminUser" OptListId="2" /><Field Id="10016" Label="Date Last Updated" Description="System Field" Name="UpdatedTime" DataTypeName="Date Time" DataType="5" IsNullable="True" IsList="False" IsLookup="False" IsCoReadOnly="True" IsAutoUpdate="True" IsSequence="False" IsSystemField="True" ServerDefaultValue="curTime" /><Field Id="10017" Label="Updated By" Description="System Field" Name="UpdatedByAccount" DataTypeName="Menu" DataType="6" IsNullable="True" IsList="False" IsLookup="False" IsCoReadOnly="True" IsAutoUpdate="True" IsSequence="False" IsSystemField="True" ServerDefaultValue="curAdminUser" OptListId="2" /><Field Id="10018" Label="Submit Status" Description="Status of the sales lead or oppotunity being created and sent to oracle Sales Cloud.  Valid values are: In Progress, Successful (created in Sales Cloud) and Failed (failed creating in Sales Cloud)." Name="submit_status" DataTypeName="Text" DataType="2" IsNullable="True" IsList="False" IsLookup="False" IsCoReadOnly="False" IsAutoUpdate="False" IsSequence="False" IsSystemField="False" MaxLength="25" Pattern="" Usage="PlainText" /><Field Id="10019" Label="Lead Type" Description="The type of lead created and sent to Sales Cloud.  Valid values are Sales Lead and Opportunity." Name="lead_type" DataTypeName="Text" DataType="2" IsNullable="True" IsList="False" IsLookup="False" IsCoReadOnly="False" IsAutoUpdate="False" IsSequence="False" IsSystemField="False" MaxLength="25" Pattern="" Usage="PlainText" /><Field Id="10020" Label="Lead Name" Description="The name of the Sales Lead or Opporunity created and sent to Sales Cloud." Name="lead_name" DataTypeName="Text" DataType="2" IsNullable="False" IsList="False" IsLookup="False" IsCoReadOnly="False" IsAutoUpdate="False" IsSequence="False" IsSystemField="False" MaxLength="255" Pattern="" Usage="PlainText" /><Field Id="10021" Label="Incident" Description="The ID number of the lead incident." Name="i_id" DataTypeName="Integer" DataType="1" IsNullable="True" IsList="False" IsLookup="False" IsCoReadOnly="False" IsAutoUpdate="False" IsSequence="False" IsSystemField="False" /><Field Id="10022" Label="Contact" Description="The ID number of the lead contact." Name="c_id" DataTypeName="Integer" DataType="1" IsNullable="True" IsList="False" IsLookup="False" IsCoReadOnly="False" IsAutoUpdate="False" IsSequence="False" IsSystemField="False" /><Field Id="10023" Label="Organization" Description="The ID number of the lead organization." Name="org_id" DataTypeName="Integer" DataType="1" IsNullable="True" IsList="False" IsLookup="False" IsCoReadOnly="False" IsAutoUpdate="False" IsSequence="False" IsSystemField="False" /><Field Id="10024" Label="External Reference" Description="The unique identifier of the entry in other applications." Name="ext_ref" DataTypeName="Text" DataType="2" IsNullable="True" IsList="False" IsLookup="False" IsCoReadOnly="False" IsAutoUpdate="False" IsSequence="False" IsSystemField="False" MaxLength="255" Pattern="" Usage="PlainText" /></Fields><Notes /></CustomObject><!--XtkGYrCccf6TeUtppg0IBEIV36TBRwfj-->