﻿<CustomObject Id="2" Name="Contact" CoLabel="Contact" Description="Contact" DesignerData="" IsAgentVisible="True" IsAnalyticsVisible="True" IsSubclass="False" IsMenu="False" IsMenuOnlyClass="False" HasLabels="False" HasDescription="False" HasNotes="False" HasFileAttachment="False" IsLogTransactionsEnabled="False" HasUserTransactions="False" HasSequence="False" AllowsSPMSuppression="False"><Package Name="OracleServiceCloud" Id="2" /><InterfaceLabels><InterfaceLabel Language="en_US" Label="Contact" Description="Contact" /></InterfaceLabels><Keys /><Fields><Field Id="10215" Label="siebel_contact_party_id" Name="siebel_contact_party_id" DataTypeName="Text" DataType="2" IsNullable="True" IsList="False" IsLookup="False" IsCoReadOnly="False" IsAutoUpdate="False" IsSequence="False" IsSystemField="False" PackageId="6" PackageName="Accelerator" MaxLength="50" Pattern="" Usage="PlainText" /><Field Id="10216" Label="siebel_contact_org_id" Name="siebel_contact_org_id" DataTypeName="Text" DataType="2" IsNullable="True" IsList="False" IsLookup="False" IsCoReadOnly="False" IsAutoUpdate="False" IsSequence="False" IsSystemField="False" PackageId="6" PackageName="Accelerator" MaxLength="50" Pattern="" Usage="PlainText" /></Fields><Notes /></CustomObject><!--U8sU4zLm7hI3X+OOKuvLDmRseO2oO/dv-->