﻿<CustomObject Id="10018" Name="SiebelRequestType" CoLabel="SiebelRequestType" Description="" DesignerData="" IsAgentVisible="False" IsAnalyticsVisible="True" IsSubclass="False" IsMenu="True" IsMenuOnlyClass="True" HasLabels="False" HasDescription="False" HasNotes="False" HasFileAttachment="False" IsLogTransactionsEnabled="True" HasUserTransactions="False" HasSequence="True" AllowsSPMSuppression="True"><Package Name="Accelerator" Id="5" /><MenuItems><MenuItem IsLabelsMenu="False" Name="Incident" /></MenuItems><InterfaceLabels><InterfaceLabel Language="en_US" Label="SiebelRequestType" Description="" /></InterfaceLabels><Keys><Key Id="10087" KeyType="1"><Fields><Field Id="10160" /></Fields></Key><Key Id="10088" KeyType="3"><Fields><Field Id="10161" /></Fields></Key></Keys><Fields><Field Id="10159" Label="DisplayOrder" Description="System Field" Name="DisplayOrder" DataTypeName="Integer" DataType="1" IsNullable="False" IsList="False" IsLookup="False" IsCoReadOnly="False" IsAutoUpdate="False" IsSequence="True" IsSystemField="True" /><Field Id="10160" Label="ID" Description="System Field" Name="ID" DataTypeName="Integer" DataType="1" IsNullable="False" IsList="False" IsLookup="False" IsCoReadOnly="False" IsAutoUpdate="False" IsSequence="False" IsSystemField="True" /><Field Id="10161" Label="Name" Description="System Field" Name="Name" DataTypeName="Text" DataType="2" IsNullable="False" IsList="False" IsLookup="True" IsCoReadOnly="False" IsAutoUpdate="False" IsSequence="False" IsSystemField="True" MaxLength="40" Pattern="" Usage="PlainText" /></Fields><Notes /></CustomObject><!--Xem+W+M6qDTf0l6TkiGaH8TcTE/LsuIuzg==-->