﻿<CustomObject Id="1" Name="Incident" CoLabel="Incident" Description="Incident" DesignerData="" IsAgentVisible="True" IsAnalyticsVisible="True" IsSubclass="False" IsMenu="False" IsMenuOnlyClass="False" HasLabels="False" HasDescription="False" HasNotes="False" HasFileAttachment="False" IsLogTransactionsEnabled="False" HasUserTransactions="False" HasSequence="False" AllowsSPMSuppression="False"><Package Name="OracleServiceCloud" Id="2" /><InterfaceLabels><InterfaceLabel Language="en_US" Label="Incident" Description="Incident" /></InterfaceLabels><Keys><Key Id="10112" KeyType="3"><Fields><Field Id="10220" /></Fields></Key></Keys><Fields><Field Id="10217" Label="siebel_sr_id" Name="siebel_sr_id" DataTypeName="Text" DataType="2" IsNullable="True" IsList="False" IsLookup="False" IsCoReadOnly="False" IsAutoUpdate="False" IsSequence="False" IsSystemField="False" PackageId="6" PackageName="Accelerator" MaxLength="50" Pattern="" Usage="PlainText" /><Field Id="10218" Label="siebel_sr_num" Name="siebel_sr_num" DataTypeName="Text" DataType="2" IsNullable="True" IsList="False" IsLookup="False" IsCoReadOnly="False" IsAutoUpdate="False" IsSequence="False" IsSystemField="False" PackageId="6" PackageName="Accelerator" MaxLength="50" Pattern="" Usage="PlainText" /><Field Id="10219" Label="siebel_serial_number" Name="siebel_serial_number" DataTypeName="Text" DataType="2" IsNullable="True" IsList="False" IsLookup="False" IsCoReadOnly="False" IsAutoUpdate="False" IsSequence="False" IsSystemField="False" PackageId="6" PackageName="Accelerator" MaxLength="30" Pattern="" Usage="PlainText" /><Field Id="10220" Label="siebel_sr_request_type" Name="siebel_sr_request_type" DataTypeName="Menu" DataType="6" IsNullable="True" IsList="False" IsLookup="False" IsCoReadOnly="False" IsAutoUpdate="False" IsSequence="False" IsSystemField="False" PackageId="6" PackageName="Accelerator" MenuClassId="10023" /><Field Id="10221" Label="siebel_max_thread_id" Name="siebel_max_thread_id" DataTypeName="Integer" DataType="1" IsNullable="True" IsList="False" IsLookup="False" IsCoReadOnly="False" IsAutoUpdate="False" IsSequence="False" IsSystemField="False" PackageId="6" PackageName="Accelerator" MaxValue="999999" MinValue="0" /><Field Id="10222" Label="cp_siebel_product_validation" Name="cp_siebel_product_validation" DataTypeName="Text" DataType="2" IsNullable="True" IsList="False" IsLookup="False" IsCoReadOnly="False" IsAutoUpdate="False" IsSequence="False" IsSystemField="False" PackageId="6" PackageName="Accelerator" MaxLength="255" Pattern="" Usage="PlainText" /><Field Id="10223" Label="siebel_sr_owner_id" Name="siebel_sr_owner_id" DataTypeName="Text" DataType="2" IsNullable="True" IsList="False" IsLookup="False" IsCoReadOnly="False" IsAutoUpdate="False" IsSequence="False" IsSystemField="False" PackageId="6" PackageName="Accelerator" MaxLength="255" Pattern="" Usage="PlainText" /></Fields><Notes /></CustomObject><!--00Q8iA2U2X7PfcZ+j9/aNeI8D6gQcQ4x-->