﻿<CustomObject Id="2" Name="Contact" CoLabel="Contact" Description="Contact" DesignerData="" IsAgentVisible="True" IsAnalyticsVisible="True" IsSubclass="False" IsMenu="False" IsMenuOnlyClass="False" HasLabels="False" HasDescription="False" HasNotes="False" HasFileAttachment="False" IsLogTransactionsEnabled="False" HasUserTransactions="False" HasSequence="False" AllowsSPMSuppression="False"><Package Name="OracleServiceCloud" Id="2" /><InterfaceLabels><InterfaceLabel Language="en_US" Label="Contact" Description="Contact" /></InterfaceLabels><Keys /><Fields><Field Id="10169" Label="siebel_contact_party_id" Name="siebel_contact_party_id" DataTypeName="Text" DataType="2" IsNullable="True" IsList="False" IsLookup="False" IsCoReadOnly="False" IsAutoUpdate="False" IsSequence="False" IsSystemField="False" PackageId="5" PackageName="Accelerator" MaxLength="50" Pattern="" Usage="PlainText" /><Field Id="10170" Label="siebel_contact_org_id" Name="siebel_contact_org_id" DataTypeName="Text" DataType="2" IsNullable="True" IsList="False" IsLookup="False" IsCoReadOnly="False" IsAutoUpdate="False" IsSequence="False" IsSystemField="False" PackageId="5" PackageName="Accelerator" MaxLength="50" Pattern="" Usage="PlainText" /><Field Id="10211" Label="Shipping_PostalCode" Name="Shipping_PostalCode" DataTypeName="Text" DataType="2" IsNullable="True" IsList="False" IsLookup="False" IsCoReadOnly="False" IsAutoUpdate="False" IsSequence="False" IsSystemField="False" PackageId="5" PackageName="Accelerator" MaxLength="255" Pattern="" Usage="PlainText" /><Field Id="10212" Label="Shipping_Country" Name="Shipping_Country" DataTypeName="Text" DataType="2" IsNullable="True" IsList="False" IsLookup="False" IsCoReadOnly="False" IsAutoUpdate="False" IsSequence="False" IsSystemField="False" PackageId="5" PackageName="Accelerator" MaxLength="255" Pattern="" Usage="PlainText" /><Field Id="10213" Label="Shipping_State" Name="Shipping_State" DataTypeName="Text" DataType="2" IsNullable="True" IsList="False" IsLookup="False" IsCoReadOnly="False" IsAutoUpdate="False" IsSequence="False" IsSystemField="False" PackageId="5" PackageName="Accelerator" MaxLength="255" Pattern="" Usage="PlainText" /><Field Id="10214" Label="Shipping_City" Name="Shipping_City" DataTypeName="Text" DataType="2" IsNullable="True" IsList="False" IsLookup="False" IsCoReadOnly="False" IsAutoUpdate="False" IsSequence="False" IsSystemField="False" PackageId="5" PackageName="Accelerator" MaxLength="255" Pattern="" Usage="PlainText" /><Field Id="10215" Label="Shipping_Street" Name="Shipping_Street" DataTypeName="Text" DataType="2" IsNullable="True" IsList="False" IsLookup="False" IsCoReadOnly="False" IsAutoUpdate="False" IsSequence="False" IsSystemField="False" PackageId="5" PackageName="Accelerator" MaxLength="255" Pattern="" Usage="PlainText" /></Fields><Notes /></CustomObject><!--jmhOmFyJtnvOZGXiZ6CWUUBQZg1tl1v2Ow==-->