﻿<CustomObject Id="10006" Name="OAuthTokens" CoLabel="OAuthTokens" Description="stores temporary tokens for the current auth" DesignerData="" IsAgentVisible="True" IsAnalyticsVisible="True" IsSubclass="False" IsMenu="False" IsMenuOnlyClass="False" HasLabels="False" HasDescription="False" HasNotes="False" HasFileAttachment="False" IsLogTransactionsEnabled="True" HasUserTransactions="False" HasSequence="False" AllowsSPMSuppression="False"><Package Name="Accelerator" Id="4" /><InterfaceLabels><InterfaceLabel Language="en_US" Label="OAuthTokens" Description="stores temporary tokens for the current auth" /></InterfaceLabels><Keys><Key Id="10016" KeyType="1"><Fields><Field Id="10045" /></Fields></Key><Key Id="10017" KeyType="3"><Fields><Field Id="10053" /></Fields></Key><Key Id="10018" KeyType="3"><Fields><Field Id="10054" /></Fields></Key></Keys><Fields><Field Id="10045" Label="ID" Description="System Field" Name="ID" DataTypeName="Integer" DataType="1" IsNullable="False" IsList="False" IsLookup="True" IsCoReadOnly="False" IsAutoUpdate="False" IsSequence="False" IsSystemField="True" /><Field Id="10046" Label="Date Created" Description="System Field" Name="CreatedTime" DataTypeName="Date Time" DataType="5" IsNullable="True" IsList="False" IsLookup="False" IsCoReadOnly="True" IsAutoUpdate="False" IsSequence="False" IsSystemField="True" ServerDefaultValue="curTime" /><Field Id="10047" Label="Date Last Updated" Description="System Field" Name="UpdatedTime" DataTypeName="Date Time" DataType="5" IsNullable="True" IsList="False" IsLookup="False" IsCoReadOnly="True" IsAutoUpdate="True" IsSequence="False" IsSystemField="True" ServerDefaultValue="curTime" /><Field Id="10048" Label="LastAccessToken" Name="LastAccessToken" DataTypeName="Text" DataType="2" IsNullable="False" IsList="False" IsLookup="False" IsCoReadOnly="False" IsAutoUpdate="False" IsSequence="False" IsSystemField="False" MaxLength="200" Pattern="" Usage="PlainText" /><Field Id="10049" Label="RefreshToken" Name="RefreshToken" DataTypeName="Text" DataType="2" IsNullable="False" IsList="False" IsLookup="False" IsCoReadOnly="False" IsAutoUpdate="False" IsSequence="False" IsSystemField="False" MaxLength="200" Pattern="" Usage="PlainText" /><Field Id="10050" Label="LastTimeString" Name="LastTimeString" DataTypeName="Text" DataType="2" IsNullable="False" IsList="False" IsLookup="False" IsCoReadOnly="False" IsAutoUpdate="False" IsSequence="False" IsSystemField="False" MaxLength="100" Pattern="" Usage="PlainText" /><Field Id="10051" Label="ExpiresIn" Name="ExpiresIn" DataTypeName="Integer" DataType="1" IsNullable="True" IsList="False" IsLookup="False" IsCoReadOnly="False" IsAutoUpdate="False" IsSequence="False" IsSystemField="False" /><Field Id="10052" Label="RefreshTokenFailure" Description="Indicates an issue when using the refresh token." Name="RefreshTokenFailure" DataTypeName="Yes/No" DataType="3" IsNullable="True" IsList="False" IsLookup="False" IsCoReadOnly="False" IsAutoUpdate="False" IsSequence="False" IsSystemField="False" ServerDefaultValue="0" /><Field Id="10053" Label="OAuthConfig" Name="OAuthConfig" DataTypeName="Integer" DataType="1" IsNullable="True" IsList="False" IsLookup="False" IsCoReadOnly="False" IsAutoUpdate="False" IsSequence="False" IsSystemField="False" /><Field Id="10054" Label="Account" Name="Account" DataTypeName="Integer" DataType="1" IsNullable="True" IsList="False" IsLookup="False" IsCoReadOnly="False" IsAutoUpdate="False" IsSequence="False" IsSystemField="False" /></Fields><Notes /></CustomObject><!--lM/sdbkUQfuKonadiq0hembIwEGehlJn1g==-->