﻿<CustomObject Id="1" Name="Incident" CoLabel="Incident" Description="Incident" DesignerData="" IsAgentVisible="True" IsAnalyticsVisible="True" IsSubclass="False" IsMenu="False" IsMenuOnlyClass="False" HasLabels="False" HasDescription="False" HasNotes="False" HasFileAttachment="False" IsLogTransactionsEnabled="False" HasUserTransactions="False" HasSequence="False" AllowsSPMSuppression="False"><Package Name="OracleServiceCloud" Id="2" /><InterfaceLabels><InterfaceLabel Language="en_US" Label="Incident" Description="Incident" /></InterfaceLabels><Keys><Key Id="10022" KeyType="3"><Fields><Field Id="10063" /></Fields></Key></Keys><Fields><Field Id="10063" Label="srm_social_channel_account_id" Name="srm_social_channel_account_id" DataTypeName="Integer" DataType="1" IsNullable="True" IsList="False" IsLookup="False" IsCoReadOnly="False" IsAutoUpdate="False" IsSequence="False" IsSystemField="False" PackageId="4" PackageName="Accelerator" /><Field Id="10064" Label="srm_conversation_reply_mode" Name="srm_conversation_reply_mode" DataTypeName="Text" DataType="2" IsNullable="True" IsList="False" IsLookup="False" IsCoReadOnly="False" IsAutoUpdate="False" IsSequence="False" IsSystemField="False" PackageId="4" PackageName="Accelerator" MaxLength="255" Pattern="" Usage="PlainText" /><Field Id="10065" Label="srm_labels" Name="srm_labels" DataTypeName="Text" DataType="2" IsNullable="True" IsList="False" IsLookup="False" IsCoReadOnly="False" IsAutoUpdate="False" IsSequence="False" IsSystemField="False" PackageId="4" PackageName="Accelerator" MaxLength="255" Pattern="" Usage="PlainText" /><Field Id="10066" Label="srm_original_message_url" Name="srm_original_message_url" DataTypeName="Text" DataType="2" IsNullable="True" IsList="False" IsLookup="False" IsCoReadOnly="False" IsAutoUpdate="False" IsSequence="False" IsSystemField="False" PackageId="4" PackageName="Accelerator" MaxLength="255" Pattern="" Usage="PlainText" /><Field Id="10067" Label="srm_external_reference_id" Name="srm_external_reference_id" DataTypeName="Integer" DataType="1" IsNullable="True" IsList="False" IsLookup="False" IsCoReadOnly="False" IsAutoUpdate="False" IsSequence="False" IsSystemField="False" PackageId="4" PackageName="Accelerator" /><Field Id="10068" Label="srm_bundle_id" Name="srm_bundle_id" DataTypeName="Integer" DataType="1" IsNullable="True" IsList="False" IsLookup="False" IsCoReadOnly="False" IsAutoUpdate="False" IsSequence="False" IsSystemField="False" PackageId="4" PackageName="Accelerator" /><Field Id="10069" Label="srm_conversation_id" Name="srm_conversation_id" DataTypeName="Integer" DataType="1" IsNullable="True" IsList="False" IsLookup="False" IsCoReadOnly="False" IsAutoUpdate="False" IsSequence="False" IsSystemField="False" PackageId="4" PackageName="Accelerator" /></Fields><Notes /></CustomObject><!--O0+JQlbjLYVjgzRiFYxYiVv8wTIC3GyaT1g=-->