﻿<CustomObject Id="24" Name="Account" CoLabel="Account" Description="Account" DesignerData="" IsAgentVisible="True" IsAnalyticsVisible="True" IsSubclass="False" IsMenu="False" IsMenuOnlyClass="False" HasLabels="False" HasDescription="False" HasNotes="False" HasFileAttachment="False" IsLogTransactionsEnabled="False" HasUserTransactions="False" HasSequence="False" AllowsSPMSuppression="False"><Package Name="OracleServiceCloud" Id="2" /><InterfaceLabels><InterfaceLabel Language="en_US" Label="Account" Description="Account" /></InterfaceLabels><Keys /><Fields><Field Id="10070" Label="OAuthProcessId" Name="OAuthProcessId" DataTypeName="Integer" DataType="1" IsNullable="True" IsList="False" IsLookup="False" IsCoReadOnly="False" IsAutoUpdate="False" IsSequence="False" IsSystemField="False" PackageId="4" PackageName="Accelerator" MaxValue="2147483647" MinValue="0" /><Field Id="10071" Label="OAuthRequestValidUntil" Name="OAuthRequestValidUntil" DataTypeName="Date Time" DataType="5" IsNullable="True" IsList="False" IsLookup="False" IsCoReadOnly="False" IsAutoUpdate="False" IsSequence="False" IsSystemField="False" PackageId="4" PackageName="Accelerator" /></Fields><Notes /></CustomObject><!--vnSkQHlQ6XbnoyvwpFJEOgWdYxnt63hXNQ==-->