﻿<CustomObject Id="10018" Name="Work_Order" CoLabel="Work Order" Description="" DesignerData="" IsAgentVisible="True" IsAnalyticsVisible="True" IsSubclass="False" IsMenu="False" IsMenuOnlyClass="False" HasLabels="False" HasDescription="False" HasNotes="False" HasFileAttachment="True" IsLogTransactionsEnabled="True" HasUserTransactions="True" HasSequence="False" AllowsSPMSuppression="False"><Package Name="TOA" Id="8" /><InterfaceLabels><InterfaceLabel Language="en_US" Label="Work Order" Description="" /></InterfaceLabels><Keys><Key Id="10105" KeyType="1"><Fields><Field Id="10244" /></Fields></Key><Key Id="10106" KeyType="3"><Fields><Field Id="10250" /></Fields></Key><Key Id="10107" KeyType="3"><Fields><Field Id="10247" /></Fields></Key><Key Id="10108" KeyType="3"><Fields><Field Id="10249" /></Fields></Key><Key Id="10109" KeyType="3"><Fields><Field Id="10252" /></Fields></Key><Key Id="10110" KeyType="3"><Fields><Field Id="10258" /></Fields></Key><Key Id="10111" KeyType="3"><Fields><Field Id="10259" /></Fields></Key><Key Id="10112" KeyType="3"><Fields><Field Id="10261" /></Fields></Key><Key Id="10113" KeyType="3"><Fields><Field Id="10263" /></Fields></Key><Key Id="10114" KeyType="3"><Fields><Field Id="10279" /></Fields></Key><Key Id="10115" KeyType="3"><Fields><Field Id="10282" /></Fields></Key><Key Id="10116" KeyType="3"><Fields><Field Id="10283" /></Fields></Key></Keys><Fields><Field Id="10244" Label="ID" Description="System Field" Name="ID" DataTypeName="Integer" DataType="1" IsNullable="False" IsList="False" IsLookup="True" IsCoReadOnly="False" IsAutoUpdate="False" IsSequence="False" IsSystemField="True" /><Field Id="10245" Label="File Attachments" Description="File Attachments for the object" Name="FileAttachments" DataTypeName="Files" DataType="17" IsNullable="True" IsList="True" IsLookup="False" IsCoReadOnly="False" IsAutoUpdate="False" IsSequence="False" IsSystemField="True" /><Field Id="10246" Label="Date Created" Description="System Field" Name="CreatedTime" DataTypeName="Date Time" DataType="5" IsNullable="True" IsList="False" IsLookup="False" IsCoReadOnly="True" IsAutoUpdate="False" IsSequence="False" IsSystemField="True" ServerDefaultValue="curTime" /><Field Id="10247" Label="Created By" Description="System Field" Name="CreatedByAccount" DataTypeName="Menu" DataType="6" IsNullable="True" IsList="False" IsLookup="False" IsCoReadOnly="True" IsAutoUpdate="False" IsSequence="False" IsSystemField="True" ServerDefaultValue="curAdminUser" OptListId="2" /><Field Id="10248" Label="Date Last Updated" Description="System Field" Name="UpdatedTime" DataTypeName="Date Time" DataType="5" IsNullable="True" IsList="False" IsLookup="False" IsCoReadOnly="True" IsAutoUpdate="True" IsSequence="False" IsSystemField="True" ServerDefaultValue="curTime" /><Field Id="10249" Label="Updated By" Description="System Field" Name="UpdatedByAccount" DataTypeName="Menu" DataType="6" IsNullable="True" IsList="False" IsLookup="False" IsCoReadOnly="True" IsAutoUpdate="True" IsSequence="False" IsSystemField="True" ServerDefaultValue="curAdminUser" OptListId="2" /><Field Id="10250" Label="Incident" Name="Incident" DataTypeName="Integer" DataType="1" IsNullable="True" IsList="False" IsLookup="False" IsCoReadOnly="False" IsAutoUpdate="False" IsSequence="False" IsSystemField="False" /><Field Id="10251" Label="Field Service Note" Name="Field_Service_Note" DataTypeName="Text" DataType="2" IsNullable="True" IsList="False" IsLookup="False" IsCoReadOnly="False" IsAutoUpdate="False" IsSequence="False" IsSystemField="False" MaxLength="" Pattern="" Usage="LongText" /><Field Id="10252" Label="Reminder Time" Description="Customer's reminder notification time: minutes before the start ofthe activity about which the customer is to be notified." Name="Reminder_Time" DataTypeName="Menu" DataType="6" IsNullable="True" IsList="False" IsLookup="False" IsCoReadOnly="False" IsAutoUpdate="False" IsSequence="False" IsSystemField="False" MenuClassId="10016" /><Field Id="10253" Label="Contact Phone" Name="Contact_Phone" DataTypeName="Text" DataType="2" IsNullable="True" IsList="False" IsLookup="False" IsCoReadOnly="False" IsAutoUpdate="False" IsSequence="False" IsSystemField="False" MaxLength="30" Pattern="" Usage="PlainText" /><Field Id="10254" Label="Contact Mobile Phone" Name="Contact_Mobile_Phone" DataTypeName="Text" DataType="2" IsNullable="True" IsList="False" IsLookup="False" IsCoReadOnly="False" IsAutoUpdate="False" IsSequence="False" IsSystemField="False" MaxLength="30" Pattern="" Usage="PlainText" /><Field Id="10255" Label="Contact Street" Name="Contact_Street" DataTypeName="Text" DataType="2" IsNullable="True" IsList="False" IsLookup="False" IsCoReadOnly="False" IsAutoUpdate="False" IsSequence="False" IsSystemField="False" MaxLength="255" Pattern="" Usage="PlainText" /><Field Id="10256" Label="Contact City" Name="Contact_City" DataTypeName="Text" DataType="2" IsNullable="True" IsList="False" IsLookup="False" IsCoReadOnly="False" IsAutoUpdate="False" IsSequence="False" IsSystemField="False" MaxLength="255" Pattern="" Usage="PlainText" /><Field Id="10257" Label="Contact Postal Code" Name="Contact_Postal_Code" DataTypeName="Text" DataType="2" IsNullable="True" IsList="False" IsLookup="False" IsCoReadOnly="False" IsAutoUpdate="False" IsSequence="False" IsSystemField="False" MaxLength="15" Pattern="" Usage="PlainText" /><Field Id="10258" Label="Contact Province/State" Name="Contact_Province_State" DataTypeName="Menu" DataType="6" IsNullable="True" IsList="False" IsLookup="False" IsCoReadOnly="False" IsAutoUpdate="False" IsSequence="False" IsSystemField="False" OptListId="11" /><Field Id="10259" Label="Contact" Name="Contact" DataTypeName="Integer" DataType="1" IsNullable="True" IsList="False" IsLookup="False" IsCoReadOnly="False" IsAutoUpdate="False" IsSequence="False" IsSystemField="False" /><Field Id="10260" Label="Work Order Time Slot" Name="WO_Time_Slot" DataTypeName="Text" DataType="2" IsNullable="True" IsList="False" IsLookup="False" IsCoReadOnly="False" IsAutoUpdate="False" IsSequence="False" IsSystemField="False" MaxLength="30" Pattern="" Usage="PlainText" /><Field Id="10261" Label="Organization" Name="Organization" DataTypeName="Integer" DataType="1" IsNullable="True" IsList="False" IsLookup="False" IsCoReadOnly="False" IsAutoUpdate="False" IsSequence="False" IsSystemField="False" /><Field Id="10262" Label="External ID" Description="External ID from Field Service" Name="External_ID" DataTypeName="Integer" DataType="1" IsNullable="True" IsList="False" IsLookup="False" IsCoReadOnly="False" IsAutoUpdate="False" IsSequence="False" IsSystemField="False" /><Field Id="10263" Label="Work Order Type" Name="WO_Type" DataTypeName="Menu" DataType="6" IsNullable="True" IsList="False" IsLookup="False" IsCoReadOnly="False" IsAutoUpdate="False" IsSequence="False" IsSystemField="False" MenuClassId="10017" /><Field Id="10264" Label="Delivery Window Start" Name="Delivery_Window_Start" DataTypeName="Text" DataType="2" IsNullable="True" IsList="False" IsLookup="False" IsCoReadOnly="False" IsAutoUpdate="False" IsSequence="False" IsSystemField="False" MaxLength="25" Pattern="" Usage="PlainText" /><Field Id="10265" Label="Delivery Window End" Name="Delivery_Window_End" DataTypeName="Text" DataType="2" IsNullable="True" IsList="False" IsLookup="False" IsCoReadOnly="False" IsAutoUpdate="False" IsSequence="False" IsSystemField="False" MaxLength="25" Pattern="" Usage="PlainText" /><Field Id="10266" Label="End_Time" Name="End_Time" DataTypeName="Text" DataType="2" IsNullable="True" IsList="False" IsLookup="False" IsCoReadOnly="False" IsAutoUpdate="False" IsSequence="False" IsSystemField="False" MaxLength="25" Pattern="" Usage="PlainText" /><Field Id="10267" Label="Start - End Time" Name="Start_End_Time" DataTypeName="Text" DataType="2" IsNullable="True" IsList="False" IsLookup="False" IsCoReadOnly="False" IsAutoUpdate="False" IsSequence="False" IsSystemField="False" MaxLength="50" Pattern="" Usage="PlainText" /><Field Id="10268" Label="Travel Time (Minutes)" Name="Travel_Time" DataTypeName="Integer" DataType="1" IsNullable="True" IsList="False" IsLookup="False" IsCoReadOnly="False" IsAutoUpdate="False" IsSequence="False" IsSystemField="False" /><Field Id="10271" Label="Booked Time" Name="Booked_Time" DataTypeName="Date Time" DataType="5" IsNullable="True" IsList="False" IsLookup="False" IsCoReadOnly="False" IsAutoUpdate="False" IsSequence="False" IsSystemField="False" /><Field Id="10272" Label="Case Note" Description="Note entered by the service agent" Name="Case_Note" DataTypeName="Text" DataType="2" IsNullable="True" IsList="False" IsLookup="False" IsCoReadOnly="False" IsAutoUpdate="False" IsSequence="False" IsSystemField="False" MaxLength="" Pattern="" Usage="LongText" /><Field Id="10273" Label="Contact Email" Description="Customer's valid email address" Name="Contact_Email" DataTypeName="Text" DataType="2" IsNullable="True" IsList="False" IsLookup="False" IsCoReadOnly="False" IsAutoUpdate="False" IsSequence="False" IsSystemField="False" MaxLength="80" Pattern="" Usage="Email" /><Field Id="10274" Label="Work Order Date" Description="Specifies the date the Work Order is scheduled" Name="WO_Date" DataTypeName="Date" DataType="4" IsNullable="True" IsList="False" IsLookup="False" IsCoReadOnly="False" IsAutoUpdate="False" IsSequence="False" IsSystemField="False" /><Field Id="10275" Label="Reschedule Reason" Description="The reason the Work Order was re-scheduled" Name="Reschedule_Reason" DataTypeName="Text" DataType="2" IsNullable="True" IsList="False" IsLookup="False" IsCoReadOnly="False" IsAutoUpdate="False" IsSequence="False" IsSystemField="False" MaxLength="255" Pattern="" Usage="PlainText" /><Field Id="10276" Label="Cancel Reason" Description="The reason the Work Order was canceled" Name="Cancel_Reason" DataTypeName="Text" DataType="2" IsNullable="True" IsList="False" IsLookup="False" IsCoReadOnly="False" IsAutoUpdate="False" IsSequence="False" IsSystemField="False" MaxLength="255" Pattern="" Usage="PlainText" /><Field Id="10277" Label="Resolution Due" Description="The time the Incident should be completed based on the SLA Milestone &quot;Resolution Due&quot;" Name="Resolution_Due" DataTypeName="Date Time" DataType="5" IsNullable="True" IsList="False" IsLookup="False" IsCoReadOnly="False" IsAutoUpdate="False" IsSequence="False" IsSystemField="False" /><Field Id="10278" Label="Duration" Description="Defines duration ('length') of activity in minutes" Name="Duration" DataTypeName="Integer" DataType="1" IsNullable="True" IsList="False" IsLookup="False" IsCoReadOnly="False" IsAutoUpdate="False" IsSequence="False" IsSystemField="False" MinValue="0" /><Field Id="10279" Label="Primary Asset" Description="Customer asset from the Incident." Name="Asset" DataTypeName="Integer" DataType="1" IsNullable="True" IsList="False" IsLookup="False" IsCoReadOnly="False" IsAutoUpdate="False" IsSequence="False" IsSystemField="False" /><Field Id="10280" Label="Status" Description="The state of particular Work Order" Name="WO_Status" DataTypeName="Text" DataType="2" IsNullable="True" IsList="False" IsLookup="False" IsCoReadOnly="False" IsAutoUpdate="False" IsSequence="False" IsSystemField="False" MaxLength="50" Pattern="" Usage="PlainText" /><Field Id="10281" Label="Work Order Area" Description="Entity appearing on the resource tree which can contain resources of a defined typeand be assigned activities" Name="WO_Area" DataTypeName="Text" DataType="2" IsNullable="True" IsList="False" IsLookup="False" IsCoReadOnly="False" IsAutoUpdate="False" IsSequence="False" IsSystemField="False" MaxLength="250" Pattern="" Usage="PlainText" /><Field Id="10282" Label="Override Assigned To" Name="Override_Assigned_To" DataTypeName="Integer" DataType="1" IsNullable="True" IsList="False" IsLookup="False" IsCoReadOnly="False" IsAutoUpdate="False" IsSequence="False" IsSystemField="False" /><Field Id="10283" Label="Override Request" Name="Override_Request" DataTypeName="Menu" DataType="6" IsNullable="True" IsList="False" IsLookup="False" IsCoReadOnly="False" IsAutoUpdate="False" IsSequence="False" IsSystemField="False" MenuClassId="10015" /><Field Id="10284" Label="Resource" Name="Resource" DataTypeName="Text" DataType="2" IsNullable="True" IsList="False" IsLookup="False" IsCoReadOnly="False" IsAutoUpdate="False" IsSequence="False" IsSystemField="False" MaxLength="255" Pattern="" Usage="PlainText" /><Field Id="10285" Label="ETA" Name="ETA" DataTypeName="Text" DataType="2" IsNullable="True" IsList="False" IsLookup="False" IsCoReadOnly="False" IsAutoUpdate="False" IsSequence="False" IsSystemField="False" MaxLength="255" Pattern="" Usage="PlainText" /></Fields><Notes /></CustomObject><!--1GqmuVRtlEX8+in6g1LyuNOis250RKa9u9Y=-->