﻿<CustomObject Id="10015" Name="Override_Request" CoLabel="Override Request" Description="" DesignerData="" IsAgentVisible="False" IsAnalyticsVisible="True" IsSubclass="False" IsMenu="True" IsMenuOnlyClass="True" HasLabels="False" HasDescription="False" HasNotes="False" HasFileAttachment="False" IsLogTransactionsEnabled="True" HasUserTransactions="False" HasSequence="True" AllowsSPMSuppression="True"><Package Name="TOA" Id="8" /><MenuItems><MenuItem IsLabelsMenu="False" Name="Requested" /><MenuItem IsLabelsMenu="False" Name="Approved" /><MenuItem IsLabelsMenu="False" Name="Denied" /></MenuItems><InterfaceLabels><InterfaceLabel Language="en_US" Label="Override Request" Description="" /></InterfaceLabels><Keys><Key Id="10101" KeyType="1"><Fields><Field Id="10239" /></Fields></Key><Key Id="10102" KeyType="3"><Fields><Field Id="10240" /></Fields></Key></Keys><Fields><Field Id="10238" Label="DisplayOrder" Description="System Field" Name="DisplayOrder" DataTypeName="Integer" DataType="1" IsNullable="False" IsList="False" IsLookup="False" IsCoReadOnly="False" IsAutoUpdate="False" IsSequence="True" IsSystemField="True" /><Field Id="10239" Label="ID" Description="System Field" Name="ID" DataTypeName="Integer" DataType="1" IsNullable="False" IsList="False" IsLookup="False" IsCoReadOnly="False" IsAutoUpdate="False" IsSequence="False" IsSystemField="True" /><Field Id="10240" Label="Name" Description="System Field" Name="Name" DataTypeName="Text" DataType="2" IsNullable="False" IsList="False" IsLookup="True" IsCoReadOnly="False" IsAutoUpdate="False" IsSequence="False" IsSystemField="True" MaxLength="40" Pattern="" Usage="PlainText" /></Fields><Notes /></CustomObject><!--BRMcOiU56lZDurXTqWgDA8aOwSDqVdfhwwM=-->