﻿<CustomObject Id="10016" Name="Reminder_Time" CoLabel="Reminder Time" Description="" DesignerData="" IsAgentVisible="False" IsAnalyticsVisible="True" IsSubclass="False" IsMenu="True" IsMenuOnlyClass="True" HasLabels="False" HasDescription="False" HasNotes="False" HasFileAttachment="False" IsLogTransactionsEnabled="True" HasUserTransactions="False" HasSequence="True" AllowsSPMSuppression="True"><Package Name="TOA" Id="8" /><MenuItems><MenuItem IsLabelsMenu="False" Name="15" /><MenuItem IsLabelsMenu="False" Name="30" /><MenuItem IsLabelsMenu="False" Name="45" /><MenuItem IsLabelsMenu="False" Name="60" /></MenuItems><InterfaceLabels><InterfaceLabel Language="en_US" Label="Reminder Time" Description="" /></InterfaceLabels><Keys><Key Id="10103" KeyType="1"><Fields><Field Id="10242" /></Fields></Key><Key Id="10104" KeyType="3"><Fields><Field Id="10243" /></Fields></Key></Keys><Fields><Field Id="10241" Label="DisplayOrder" Description="System Field" Name="DisplayOrder" DataTypeName="Integer" DataType="1" IsNullable="False" IsList="False" IsLookup="False" IsCoReadOnly="False" IsAutoUpdate="False" IsSequence="True" IsSystemField="True" /><Field Id="10242" Label="ID" Description="System Field" Name="ID" DataTypeName="Integer" DataType="1" IsNullable="False" IsList="False" IsLookup="False" IsCoReadOnly="False" IsAutoUpdate="False" IsSequence="False" IsSystemField="True" /><Field Id="10243" Label="Name" Description="System Field" Name="Name" DataTypeName="Text" DataType="2" IsNullable="False" IsList="False" IsLookup="True" IsCoReadOnly="False" IsAutoUpdate="False" IsSequence="False" IsSystemField="True" MaxLength="40" Pattern="" Usage="PlainText" /></Fields><Notes /></CustomObject><!--byoqdgXuB+VMtsmdKNOzoBgGBXg2wX/6HQ==-->