﻿<CustomObject Id="10019" Name="WO_Type_Inventory" CoLabel="WO Type Inventory" Description="" DesignerData="" IsAgentVisible="True" IsAnalyticsVisible="True" IsSubclass="False" IsMenu="False" IsMenuOnlyClass="False" HasLabels="False" HasDescription="False" HasNotes="False" HasFileAttachment="False" IsLogTransactionsEnabled="True" HasUserTransactions="False" HasSequence="False" AllowsSPMSuppression="False"><Package Name="TOA" Id="8" /><InterfaceLabels><InterfaceLabel Language="en_US" Label="WO Type Inventory" Description="" /></InterfaceLabels><Keys><Key Id="10118" KeyType="1"><Fields><Field Id="10292" /></Fields></Key><Key Id="10119" KeyType="3"><Fields><Field Id="10297" /></Fields></Key><Key Id="10120" KeyType="3"><Fields><Field Id="10293" /></Fields></Key><Key Id="10121" KeyType="3"><Fields><Field Id="10295" /></Fields></Key></Keys><Fields><Field Id="10292" Label="ID" Description="System Field" Name="ID" DataTypeName="Integer" DataType="1" IsNullable="False" IsList="False" IsLookup="False" IsCoReadOnly="False" IsAutoUpdate="False" IsSequence="False" IsSystemField="True" /><Field Id="10293" Label="Work Order Type" Name="Work_Order_Type" DataTypeName="Integer" DataType="1" IsNullable="True" IsList="False" IsLookup="False" IsCoReadOnly="False" IsAutoUpdate="False" IsSequence="False" IsSystemField="False" /><Field Id="10294" Label="Quantity" Name="Quantity" DataTypeName="Integer" DataType="1" IsNullable="False" IsList="False" IsLookup="False" IsCoReadOnly="False" IsAutoUpdate="False" IsSequence="False" IsSystemField="False" ServerDefaultValue="1" MinValue="1" /><Field Id="10295" Label="Product" Name="Product" DataTypeName="Menu" DataType="6" IsNullable="True" IsList="False" IsLookup="False" IsCoReadOnly="False" IsAutoUpdate="False" IsSequence="False" IsSystemField="False" OptListId="12" /><Field Id="10296" Label="Unit" Name="Unit" DataTypeName="Text" DataType="2" IsNullable="True" IsList="False" IsLookup="False" IsCoReadOnly="False" IsAutoUpdate="False" IsSequence="False" IsSystemField="False" MaxLength="255" Pattern="" Usage="PlainText" /><Field Id="10297" Label="Model" Name="Model" DataTypeName="Text" DataType="2" IsNullable="True" IsList="False" IsLookup="True" IsCoReadOnly="False" IsAutoUpdate="False" IsSequence="False" IsSystemField="False" MaxLength="255" Pattern="" Usage="PlainText" /></Fields><Notes /></CustomObject><!--u7083MINS6Q41WGbeLeEt736dJJ9/Vlw-->