﻿<CustomObject Id="10017" Name="Work_Order_Type" CoLabel="Work Order Type" Description="" DesignerData="" IsAgentVisible="True" IsAnalyticsVisible="True" IsSubclass="False" IsMenu="True" IsMenuOnlyClass="False" HasLabels="True" HasDescription="False" HasNotes="False" HasFileAttachment="False" IsLogTransactionsEnabled="True" HasUserTransactions="False" HasSequence="True" AllowsSPMSuppression="True"><Package Name="TOA" Id="8" /><InterfaceLabels><InterfaceLabel Language="en_US" Label="Work Order Type" Description="" /></InterfaceLabels><Keys><Key Id="10117" KeyType="1"><Fields><Field Id="10286" /></Fields></Key></Keys><Fields><Field Id="10286" Label="ID" Description="System Field" Name="ID" DataTypeName="Integer" DataType="1" IsNullable="False" IsList="False" IsLookup="False" IsCoReadOnly="False" IsAutoUpdate="False" IsSequence="False" IsSystemField="True" /><Field Id="10287" Label="Labels" Description="System Field" Name="Labels" DataTypeName="Labels" DataType="14" IsNullable="False" IsList="True" IsLookup="False" IsCoReadOnly="False" IsAutoUpdate="False" IsSequence="False" IsSystemField="True" /><Field Id="10288" Label="DisplayOrder" Description="System Field" Name="DisplayOrder" DataTypeName="Integer" DataType="1" IsNullable="False" IsList="False" IsLookup="False" IsCoReadOnly="False" IsAutoUpdate="False" IsSequence="True" IsSystemField="True" /><Field Id="10289" Label="Manual Duration" Name="Manual_Duration" DataTypeName="Yes/No" DataType="3" IsNullable="False" IsList="False" IsLookup="False" IsCoReadOnly="False" IsAutoUpdate="False" IsSequence="False" IsSystemField="False" ServerDefaultValue="0" /><Field Id="10290" Label="Manual Duration Default" Name="Manual_Duration_Default" DataTypeName="Integer" DataType="1" IsNullable="True" IsList="False" IsLookup="False" IsCoReadOnly="False" IsAutoUpdate="False" IsSequence="False" IsSystemField="False" ServerDefaultValue="30" MinValue="0" /><Field Id="10291" Label="WO_Type_Code" Name="WO_Type_Code" DataTypeName="Integer" DataType="1" IsNullable="False" IsList="False" IsLookup="False" IsCoReadOnly="False" IsAutoUpdate="False" IsSequence="False" IsSystemField="False" ServerDefaultValue="0" /></Fields><Notes /></CustomObject><!--FLNEgrR1pO+HBm0gz/R6t+PjvkDCkCPVE/k=-->